id,product,image
dc35fbc0-aff0-45de-9e94-7b24752e9ab4,d8ec9bba-15d3-4748-a8d4-7450f5d6d592,product_images/A realistic toy kitchen set designed for kids. It includes miniature pots
92133264-aba1-4170-8b6e-011459858a6d,d8ec9bba-15d3-4748-a8d4-7450f5d6d592,product_images/A realistic Hot Wheels race track with multiple loops and ramps. Small
8cf17aaa-c501-4450-b3f3-f890fc741390,3cc5b540-2a20-4e3b-a1e6-d4d19b9f6590,product_images/A realistic Play-Doh set with multiple colorful clay containers
936e7c03-4525-46e5-8109-5ac57c27d97f,3cc5b540-2a20-4e3b-a1e6-d4d19b9f6590,product_images/A realistic Fisher-Price toy set featuring colorful interactive elements like buttons
9e413d33-bd65-410a-8f89-93a0a1fbd4b4,858257fe-2471-4e1a-9b13-6be9edb1deec,product_images/A realistic family board game set displayed on a table. The set includes a colorful game board
9ea35d2c-5e37-4af7-a805-385c3e827e53,858257fe-2471-4e1a-9b13-6be9edb1deec,product_images/A realistic RC car set featuring a high-speed remote-controlled car with rugged tires. The set includes a remote control and charging accessories. The.webp
bcca8cab-dd4b-4a15-a553-1da34278a4f7,858257fe-2471-4e1a-9b13-6be9edb1deec,product_images/A realistic LEGO building set featuring a colorful construction with miniature bricks. The set includes small characters
ef94b11c-f516-40c6-9bda-ff8fa8ea9c5b,3d045768-54a5-4caf-930b-299fef7282b4,product_images/A realistic stuffed teddy bear with soft fur
a4574b49-0f09-4b79-ae59-5ac847f243e4,3d045768-54a5-4caf-930b-299fef7282b4,product_images/A realistic dollhouse set featuring a multi-story miniature home with furniture and tiny dolls. The house includes detailed rooms like a kitchen
641072c7-c4a0-4c93-87df-f54786c20037,ab6a196a-3ceb-4af6-96ac-0eae6bde1f41,product_images/A realistic science experiment kit for kids
ecf98315-c43d-4697-9fd0-87af8fb23f0c,ab6a196a-3ceb-4af6-96ac-0eae6bde1f41,product_images/A realistic musical toy set for kids
2a36d472-9ad9-460b-bcbb-8d0d82439f2b,9a83a072-b050-495c-8114-bc162ac3b93d,product_images/A realistic remote-controlled drone toy designed for kids
6afd2918-4ecc-48dd-accd-98dd6d9663d2,9a83a072-b050-495c-8114-bc162ac3b93d,product_images/A realistic toy train set featuring a detailed locomotive
a21b27c2-0acd-470f-a055-4609cad58643,74bd0ba3-0488-4f5f-acda-b35ffa8c3c2e,product_images/A realistic children's puzzle set featuring large
5f25e32e-76c2-4d80-96aa-811ba7644688,74bd0ba3-0488-4f5f-acda-b35ffa8c3c2e,product_images/A realistic kids' art and craft set featuring colored markers
800c79be-f5e3-4ec5-9b73-d0c0654bdb6c,82ac979d-9180-4cba-a2e1-3153eddbd922,product_images/A realistic toy doctor playset for kids
9e359d39-3e43-493a-ac86-bea24fc60892,82ac979d-9180-4cba-a2e1-3153eddbd922,product_images/A realistic remote-controlled robot toy with LED lights and interactive features. The robot is designed for kids
6d975abe-d62a-4910-8657-f8fd36aae753,82ac979d-9180-4cba-a2e1-3153eddbd922,product_images/A realistic toy tool set for kids
6172851a-fa51-44bd-8391-8dfbeac5f65a,5c199fad-79f6-4121-9282-c87d112ac1a0,product_images/A realistic magic trick set for kids
02cc175a-9bde-4ecf-9043-e26302e89811,5c199fad-79f6-4121-9282-c87d112ac1a0,product_images/A realistic kids' camping playset featuring a toy tent
97d0bdde-0de4-4e24-add0-3b673c4e4908,af75c5cb-8d86-45ef-962b-409cb1b7264c,product_images/A realistic toy farm playset featuring a colorful barn
4513c97f-25ee-474f-aeda-325b16c8a941,af75c5cb-8d86-45ef-962b-409cb1b7264c,product_images/A realistic space explorer playset for kids
b95bbcf3-4cbb-4091-bf2d-83024bea19e3,94e39156-13e7-44ac-8a08-6527b253aa01,product_images/A realistic kids' kitchen playset featuring a miniature stove
d1f7e43b-5988-49dc-8893-0f1666aef62b,94e39156-13e7-44ac-8a08-6527b253aa01,product_images/A realistic dinosaur toy set featuring various colorful dinosaur figurines
23e80b64-7f11-44dd-96c7-c715ef59b08d,c993362e-b869-4c74-90dd-d566443186d8,product_images/A realistic firefighter playset for kids
eccfaa24-ff7e-40ad-bcab-99b6b4a02b38,c993362e-b869-4c74-90dd-d566443186d8,product_images/A NERF Blaster that is a great gift for children of all ages. Features soft foam darts
545faa71-4572-4b87-a818-586c9c828d70,e39638fa-5605-4a5e-a444-9d1e5835a5c7,product_images/A Hot Wheels Track that is easy to assemble and store. Features thrilling loops
398a8110-39b2-408d-b8db-6a03a5c571ff,e39638fa-5605-4a5e-a444-9d1e5835a5c7,product_images/A Puzzle Game made from safe and non-toxic materials. Features colorful pieces that challenge and entertain children. Perfect for developing problem-s.webp
436a3dd1-e380-4f17-8bcf-65798b26a271,6ed3c123-8d27-40b7-b284-42a6d57c46d9,product_images/A Plush Teddy Bear made from safe and non-toxic materials. Features soft fur
6dcbf24e-6381-4069-abab-455099b7ef4b,e835e73f-9d73-40e3-bc24-ad5cd614374b,product_images/A Dinosaur Toy designed for hours of entertainment. Features realistic details
96d05236-0d25-4e9a-ac4e-111e4f5af871,e835e73f-9d73-40e3-bc24-ad5cd614374b,product_images/A Robot Toy that is perfect for imaginative play. Features bright colors
31fc3a67-b577-461c-b826-381270d62dc2,1be2cde1-087b-401a-890b-0638e1d50f28,product_images/A Toy Kitchen Set that is high-quality and durable. Includes miniature utensils
a0818c7f-b098-41e8-8e72-60d7ebe9aa14,1be2cde1-087b-401a-890b-0638e1d50f28,product_images/A Wooden Train Set that is high-quality and durable. Features wooden tracks
f5cde7df-7f4c-4665-a8a6-f3c8aed4e682,1be2cde1-087b-401a-890b-0638e1d50f28,product_images/A collectible card game set featuring fantasy creatures. Includes colorful and unique cards with special abilities. Perfect for kids who love strategy.webp
53cfd0d6-88b8-4eed-9c8d-061ebc8a0f86,2e8fb50f-1667-4d78-b0b0-4cb2ee23039f,product_images/A Children's Art Set that is high-quality and durable. Includes colorful crayons
e0aadb78-d27a-4b3f-8d17-8018a119ef63,6d672ae4-47b4-44c2-a793-683c9bba4458,product_images/A Remote Control Car that is high-speed and durable. Features sleek design
cb201aab-5dc2-41f0-a7ad-c5101cbd7606,6d672ae4-47b4-44c2-a793-683c9bba4458,product_images/A Science Experiment Kit that is educational and fun. Includes colorful test tubes
8cc628e5-c6d9-48d8-be18-7e098e86c9d8,6d672ae4-47b4-44c2-a793-683c9bba4458,product_images/A Stuffed Animal Unicorn that is soft and cuddly. Features rainbow colors
3b755571-1deb-4b04-b949-ff6dee37cfbb,ba0f3183-a7f0-4886-a044-4efa937c48d7,product_images/A Kids' Building Blocks Set that is colorful and educational. Includes various shaped blocks that connect easily. Designed for kids who love creativit.webp
68649396-184f-4645-a2b8-5680aa1c31ac,b78301e5-f9f1-4656-8be2-2ed71af8139f,product_images/A Children's Musical Instrument Set that is fun and educational. Includes colorful drums
5092998e-26d4-4b82-a51f-5463bb3bf6fb,b78301e5-f9f1-4656-8be2-2ed71af8139f,product_images/A Kids' Doctor Playset that is fun and educational. Includes a toy stethoscope
bd12d8cb-7097-4b13-aeb6-90222fcf4b9a,c8763af0-daf1-4d0f-8770-7658afed54aa,product_images/A Children's Camping Playset that is fun and adventurous. Includes a toy tent
0b3764b7-3583-479b-88cd-9e085e87176e,c8763af0-daf1-4d0f-8770-7658afed54aa,product_images/A Kids' Science Lab Kit that is fun and educational. Includes colorful test tubes
2a470c26-68c4-4781-9137-141c0e930c15,101ae49c-4f4c-4437-9e27-f9f3d13a09c5,product_images/A Kids' Puzzle Set that is colorful and educational. Features various shapes
2ad7a0c5-c178-47e9-9623-5106730001c9,b28db5b0-2140-422b-ab51-84c3255fe10b,product_images/A Kids' Tool Set that is fun and educational. Includes colorful toy hammer
e4ca06f7-f383-43c8-8e36-bd639708c81e,b28db5b0-2140-422b-ab51-84c3255fe10b,product_images/A Kids' Magic Kit that is fun and exciting. Includes a magician’s hat
45a4b8c7-2170-45ab-9f99-0a3f9eaef0f6,b28db5b0-2140-422b-ab51-84c3255fe10b,product_images/A Kids' Adventure Play Tent that is fun and colorful. Features a lightweight
9a2fa9b2-fe9e-4dfc-853f-6fa55e99bae5,da5d7f76-7d6d-4fa8-9fc9-66a668e15d40,product_images/A Kids' Cooking Playset that is fun and educational. Includes colorful toy pots
1cfaa4a0-3b16-4a2f-86b3-fb1dcbde5ebc,f3679dc2-d236-47ba-93d6-16d985a65720,product_images/A Kids' Robot Toy that is interactive and fun. Features lights
91baf567-5f45-4653-bd50-32a76a70c2ee,fc06e467-72d9-4082-949b-7c1b8162f338,product_images/A Kids' Sports Playset that is fun and active. Includes a mini soccer goal
9274a9b0-db78-499c-bfb6-918ebd756ffb,fc06e467-72d9-4082-949b-7c1b8162f338,product_images/A Kids' Firefighter Playset that is fun and adventurous. Includes a toy fire truck
4381c1ca-441c-447a-8695-b0e72c54e141,9cf770d6-0587-4fdc-8cad-fca3752aa5d4,product_images/A Kids' Space Explorer Set that is fun and educational. Includes a toy astronaut helmet
926ac7b1-e9dc-4826-b3d1-410838ac0227,9cf770d6-0587-4fdc-8cad-fca3752aa5d4,product_images/A Kids' Gardening Playset that is fun and educational. Includes colorful toy pots
4e82f359-eccb-4b14-8f3c-5ba49bbdd74f,9cf770d6-0587-4fdc-8cad-fca3752aa5d4,product_images/A Kids' Detective Playset that is fun and adventurous. Includes a toy magnifying glass
26ef832e-e7dc-464b-8aee-c8ba45f6645e,7fc6d0d7-2f8a-4183-bb63-192163e11b58,product_images/A Kids' Pirate Adventure Playset that is fun and exciting. Includes a toy pirate ship
36d329ac-5700-435b-80f6-d886262941c2,aa3fcdaf-0bbd-4b64-b7b7-9eaf3b0271df,product_images/A Kids' Train Adventure Set that is fun and interactive. Includes a colorful toy train
57ca8d56-8049-47cc-9f83-8c51aafff4a7,aa3fcdaf-0bbd-4b64-b7b7-9eaf3b0271df,product_images/A Kids' Construction Playset that is fun and engaging. Includes toy construction vehicles
0d72dcea-19bc-4d87-bffa-472cc9a8acbc,aa3fcdaf-0bbd-4b64-b7b7-9eaf3b0271df,product_images/A Kids' Superhero Dress-Up Set that is fun and exciting. Includes a cape
f1de98f1-9da2-47f7-9837-40811cc7fae5,57b7a7ca-74b4-4454-8e96-0a817150d517,product_images/A Kids' Animal Safari Playset that is fun and educational. Includes toy animals
7bd9bfa9-3c4e-46ea-ae1f-420486bd2903,27ba64fa-5386-4330-9ffd-a261a2644022,product_images/A Kids' Space Adventure Playset that is fun and imaginative. Includes a toy spaceship
59e19f4f-d752-45d5-a43f-daef2e3e2d0f,27ba64fa-5386-4330-9ffd-a261a2644022,product_images/A Kids' Castle Playset that is magical and fun. Includes a toy castle
7c6e1f6a-0dae-4c7c-83da-d344301568b9,d37e310d-a8e1-4392-af00-72e8482330da,product_images/A Kids' Dinosaur Adventure Playset that is fun and educational. Includes toy dinosaurs
994075d4-e8a6-4ce0-b34a-41c82561b8ba,d37e310d-a8e1-4392-af00-72e8482330da,product_images/A Kids' Farm Animal Playset that is fun and educational. Includes toy farm animals
6988f14a-e28c-47a0-8492-80ae40d7ff87,d37e310d-a8e1-4392-af00-72e8482330da,product_images/A Kids' Fairy Tale Playset that is magical and enchanting. Includes a toy castle
e909bd72-3d3c-4b4f-9f3a-67009e161f96,7623190c-1777-47e7-9f86-bba72687ab9a,product_images/A Kids' Ocean Explorer Playset that is fun and educational. Includes toy sea animals
44fc253b-b374-4607-b0bf-da7d0d415477,8c0688bd-3aa5-4746-97fe-985b5af6b5de,product_images/A Kids' Medieval Knight Playset that is adventurous and fun. Includes a toy castle
15b7b834-5c0f-43a8-b33b-cadee70345e1,8c0688bd-3aa5-4746-97fe-985b5af6b5de,product_images/A Kids' Space Shuttle Playset that is exciting and educational. Includes a toy space shuttle
be79ee90-4507-4fd1-b49f-e7e86e95f4cf,d4bf582a-fc21-4a6b-be31-3b51eb7be359,product_images/A Kids' Farm Tractor Playset that is fun and educational. Includes a toy tractor
3f533efa-30a5-4bdc-b259-329a1551bb6e,1f7db10f-86ae-4211-8ad9-d2dd5d3ce5c2,product_images/A Kids' Police Officer Playset that is fun and adventurous. Includes a toy police car
505c4b7f-35fd-4fc4-8a29-0e2d36527525,e846dac4-9c38-40a7-bf74-02ce8a172b20,product_images/A cute stuffed animal
0a147ea7-c080-4f3a-9c24-0eeb696a6e59,900be45b-42ef-433b-b4d6-02cd1b74ecca,product_images/A colorful toy kitchen set with miniature utensils
a37b7a04-fad9-4d0d-bca5-71bd74a038ea,fe7adc5d-38d4-44e7-b682-971768de2e66,product_images/A stylish and elegant dollhouse with multiple rooms
30e2ae35-0c11-4787-862b-0ebcf3cf5577,fe7adc5d-38d4-44e7-b682-971768de2e66,product_images/A classic board game set with a colorful game board
6bfb12ed-214b-4eed-bc34-301b033ddd42,fe7adc5d-38d4-44e7-b682-971768de2e66,product_images/A realistic and detailed dinosaur toy
ca1e0a19-2032-44c9-ac6d-a3fa423def83,68019dab-ede8-4e94-9a3a-381614b152aa,product_images/A fun and engaging magic kit for kids
254f21fb-9605-406d-b44e-b788d0d99b6b,2fca4a89-7030-4d58-a17e-28fc15724949,product_images/A futuristic robot toy with LED lights
b9fa77c5-625e-413d-a591-5a1e899d8a7d,2fca4a89-7030-4d58-a17e-28fc15724949,product_images/A dynamic superhero action figure with a colorful costume
06682ede-12fa-4c93-a9ce-5ce43c29b4af,2fca4a89-7030-4d58-a17e-28fc15724949,product_images/A magical kids' playset with wands
dd9355b7-54d0-4136-8926-5feb105aa56c,b1e1056d-fa39-404a-ad92-b09a0c247dc4,product_images/A magic kit for kids with a magician's hat
49a2a852-b43e-4ee2-bfe0-169c326d4d09,3d505565-972a-49c3-b30d-438d1f2a8dcc,product_images/A soft and cuddly plush teddy bear with a cute ribbon around its neck. Perfect for imaginative play.webp
a1747f78-d382-4140-a530-fc1d029bb3f6,3d505565-972a-49c3-b30d-438d1f2a8dcc,product_images/A colorful and challenging puzzle game with multiple pieces forming a beautiful image. High-quality and durable.webp
ac12415f-4732-4439-a992-6c0edb23bbce,ceec2413-53e4-4087-bb5e-9c3be7355bf6,product_images/A detailed superhero action figure with a dynamic pose
c3c9fab6-544c-4ad7-be9d-3a99bd91c01f,83c630d2-de39-4254-ba70-c99aa35903e0,product_images/A science experiment kit for kids with test tubes
3ba662a1-9b85-4731-b867-edde0daab918,83c630d2-de39-4254-ba70-c99aa35903e0,product_images/A soft and cuddly stuffed animal with a cute expression
34768eea-5dae-462c-a49b-9fdb41152081,0c900d3b-c32d-4c6f-a799-4239a4a753b2,product_images/A fun and engaging dinosaur toy for kids
92a5bd3d-408b-478a-8efd-bc040ee77c1d,0c900d3b-c32d-4c6f-a799-4239a4a753b2,product_images/A classic Monopoly board game set with a colorful game board
e30a5934-ea55-44bd-b485-21780f62683c,0c900d3b-c32d-4c6f-a799-4239a4a753b2,product_images/A magical kids' playset with wands
73c7788d-e67a-4aad-b5fc-c9cdbb60b00f,2c85c486-6615-4eed-af66-9a9d2e692d68,product_images/A soft and cuddly plush teddy bear with a cute ribbon around its neck. High-quality and perfect for snuggling.webp
d11894b5-1cb6-468b-9ce5-7f3ad8f1fa59,3faafaba-a7ef-4aea-956d-12dd9e701c8f,product_images/An interactive and fun educational toy set for kids
08df08fe-e047-4029-be5e-35f523aeddf7,c6c6df29-68a0-4018-9aaf-8427b6b3667f,product_images/A colorful race car toy set with miniature cars
fa9e2de2-9156-4151-9eb2-7ff57ac82146,c6c6df29-68a0-4018-9aaf-8427b6b3667f,product_images/A creative arts and crafts kit for kids with colorful paper
1361d0da-5f03-4ee2-b55c-77faba96f929,f4f5b5d9-d1f8-4002-91e4-6b2a4444a136,product_images/A colorful children's building block set with various shapes and sizes. Perfect for imaginative construction play.webp
134f769f-69ce-4731-88ce-5d661e784269,f4f5b5d9-d1f8-4002-91e4-6b2a4444a136,product_images/A classic wooden train set with colorful tracks
82147e34-9da0-450b-965c-8aafff3e7c60,cd7e233f-6ae8-4cfd-8c62-fa85e181cde7,product_images/A fun and engaging magic kit for kids with a magician's hat
e540eb3a-7b13-45eb-a77e-a4fdbf7deeb8,cf0b27e8-2abf-4f3c-887f-4e0f68469577,product_images/A high-quality product image of a Toy Robot. Designed for interactive play and encourages problem-solving. Categories_ Robots
ed32f4b8-ade9-4847-9ff2-2daa3a888ed2,b25a8150-db29-4f77-99ed-2d59c5d97264,product_images/A high-quality image of a colorful card game set designed for children. Features vibrant artwork and neatly organized cards in a box. Suitable for an .webp
297e8bed-81e6-48e5-aa3f-5c9b1267844a,f6533c5b-d74a-4c8d-8414-d640ff1f688e,product_images/A high-quality image of a LEGO City building set. Features miniature buildings
f5842596-d9de-487d-aead-bf11ddfdf9fa,f6533c5b-d74a-4c8d-8414-d640ff1f688e,product_images/A high-quality image of a robot toy designed for children. Features colorful lights
55ddd270-1ed1-4737-9e05-2dcd997a0bbe,39b77e88-09ba-4d73-a26c-cfd3e70a20f3,product_images/A high-quality image of a Monopoly board game. Includes a colorful game board
2ca80923-c5fb-4a27-851f-c0284beeb9b5,39b77e88-09ba-4d73-a26c-cfd3e70a20f3,product_images/A high-quality image of a colorful racing car toy designed for children. Features sleek design
15f6d4bd-2735-4bc2-b7b3-b9c57c293998,39b77e88-09ba-4d73-a26c-cfd3e70a20f3,product_images/A high-quality image of a plush teddy bear toy. Features soft brown fur
6d237b74-55fb-4cb0-94c3-3d04a3cbd68a,990196c4-4cf8-4ada-a2aa-eff243583355,product_images/A high-quality image of a remote-controlled helicopter toy. Features sleek design
15ab05c9-dea0-47a2-959e-664495530d46,19be951e-01fa-4129-8385-8a40f9f3303b,product_images/A high-quality image of a colorful building blocks set for children. Includes various shapes and sizes in bright colors
1b8368ab-1a32-4512-a3c1-d87c449b5490,19be951e-01fa-4129-8385-8a40f9f3303b,product_images/A high-quality image of a children's puzzle set. Features colorful interlocking pieces forming a fun animal picture. Perfect for an e-commerce website.webp
99873f18-9d3a-415b-b18e-dc1f14c9ca61,19be951e-01fa-4129-8385-8a40f9f3303b,product_images/A high-quality image of a toy train set for children. Features a colorful locomotive with attached carriages on a circular track. Perfect for an e-com.webp
1ed4eb33-9e08-46de-b5f9-92c8dbd2d06b,ddec2eb2-ce99-4177-992f-6ee5739875ca,product_images/A high-quality image of a kids' art and craft kit. Includes colorful markers
673e5418-5548-4e35-a451-d3f5a5a795df,ddec2eb2-ce99-4177-992f-6ee5739875ca,product_images/A high-quality image of a toy drum set for children. Features colorful drums
f85f3901-e98f-4a27-b1d6-299a36b33b57,6a58be22-1598-415d-acbe-90a02d5facf4,product_images/A high-quality image of a children's kitchen playset. Includes miniature utensils
7346784e-9591-4dcb-921c-ed4b82ae186f,b5387e7c-b947-4307-b03c-0c305056d0dd,product_images/A high-quality image of a remote-controlled car toy. Features a sleek design with bright red and black colors
9eabf2fe-0b3c-42c7-a22d-675817ddd2c4,adee3454-9618-4981-99e5-ad51e88198b9,product_images/A high-quality image of a children's dinosaur figurine set. Features various colorful dinosaur models like T-Rex
85ead3af-39b5-431f-be10-e35f03a79eee,adee3454-9618-4981-99e5-ad51e88198b9,product_images/A high-quality image of a children's basketball hoop set. Features a colorful adjustable hoop with a small basketball
18e31f73-a5d6-4a0a-a0ed-561e9d9beabb,7f793718-4f36-46a2-ba50-34910bb17028,product_images/A high-quality image of a children's science experiment kit. Includes colorful test tubes
27b7152d-1bc6-4128-b89b-32afa9e4d83d,7f793718-4f36-46a2-ba50-34910bb17028,product_images/A high-quality image of a children's magnetic building tiles set. Features colorful geometric tiles arranged in creative 3D structures
0883920d-b0b8-4b86-a6e7-3511081c45df,7f793718-4f36-46a2-ba50-34910bb17028,product_images/A high-quality image of a children's race car track set. Features colorful tracks with loops and ramps
8bf5f692-ba5e-4717-934a-863e857acddc,0b354b3b-4781-4b1e-b7a9-eae2bd7e97f6,product_images/A high-quality image of a children's fairy tale book set. Features colorful illustrated covers with magical characters like fairies
fbd98f2b-71c8-49bc-ba34-a78190d6c79e,0b354b3b-4781-4b1e-b7a9-eae2bd7e97f6,product_images/A high-quality image of a children's sandbox playset. Features colorful sand molds
bcd8ccf6-8fa0-432f-a555-c01a7d127896,0b354b3b-4781-4b1e-b7a9-eae2bd7e97f6,product_images/A high-quality image of a children's musical instrument set. Includes colorful maracas
2ee0b419-90ec-48c0-9888-dfd675b82e9e,8352f71e-8893-4d78-bdf3-39fd474f23d2,product_images/A high-quality image of a children's pirate ship toy. Features a detailed ship with sails
30d47877-cd2b-49dc-8a6d-fcd42cccd879,8352f71e-8893-4d78-bdf3-39fd474f23d2,product_images/A high-quality image of a children's farm animal figurine set. Features detailed models of cows
591b6e14-f53a-472b-9bfb-8ead1df233cd,f46b06a1-cbc6-4adc-87de-7511a6e99daa,product_images/A high-quality image of a children's space exploration playset. Includes toy rockets
66bc495a-ebcc-4fda-97b7-74a872314124,f46b06a1-cbc6-4adc-87de-7511a6e99daa,product_images/A high-quality image of a children's kitchen cooking playset. Includes miniature pots
ec83205e-e324-4ba7-a484-4dfb95754202,f46b06a1-cbc6-4adc-87de-7511a6e99daa,product_images/A high-quality image of a children's firefighter playset. Includes a toy fire truck
3563bd3b-1fc0-4ef7-841f-132a607cbffb,cc64a1c3-5797-40d3-ac03-1fd06fa386d3,product_images/A high-quality image of a children's dinosaur excavation kit. Includes a digging tool
b170f0d7-533c-4ae6-b2b6-4f957f82c65e,cc64a1c3-5797-40d3-ac03-1fd06fa386d3,product_images/A high-quality image of a children's magic trick set. Includes magic wands
bf08ecb9-794e-432d-b00b-0cf06473e4c1,3cc22124-e2a9-444f-bff4-b2f3f8e8016c,product_images/A colorful and engaging puzzle game with interlocking pieces
d1fd5174-8d1c-4161-8dc9-f3ed3dd642dd,15b53c45-25a9-4913-ab73-13d628735975,product_images/A detailed LEGO City set with miniature buildings
48e02dcb-1d97-4d5f-bdc0-b37e6b6a9bd6,15b53c45-25a9-4913-ab73-13d628735975,product_images/A colorful and engaging puzzle game with interlocking pieces
fec8fc88-dcb0-4c18-8036-04a81f10197f,46656c04-2d98-4b65-b00f-7a392f0a621e,product_images/A cute and cuddly stuffed animal
2522b757-db58-4c48-9a53-6e6a8932ab01,e2d3dfe8-1f0b-43fc-ac94-ea4c7a1e7070,product_images/A cute and cuddly stuffed animal
df517740-4e20-4158-bb7e-20abe95d1eed,3b450644-8f18-41e1-9fa8-9205f5cf9517,product_images/A colorful toy kitchen set for children
4a5ee3df-aa3c-4f7b-ab47-3e42ceb3d228,3b450644-8f18-41e1-9fa8-9205f5cf9517,product_images/A classic wooden train set with interlocking tracks and colorful train cars. The set includes bridges
51938782-ddd9-4359-bfec-9ede859b40cd,3b450644-8f18-41e1-9fa8-9205f5cf9517,product_images/A fun and mysterious magic kit for kids
39171149-b699-4515-9c49-256ba3150f85,1cf21960-a139-4bc1-9469-3f724cd34cd9,product_images/A generic trading card set featuring colorful and collectible fantasy-themed cards. The set includes holographic and rare cards
ae6fbd58-76ef-426f-bf09-aa7182e992f4,1cf21960-a139-4bc1-9469-3f724cd34cd9,product_images/A futuristic robot toy designed for kids. The robot features LED eyes
b5038441-6b4d-44eb-8839-5f8c6730b027,c6c33689-9671-4ee2-b715-a4883031aaf4,product_images/A charming and colorful dollhouse with multiple floors
025afc97-0bab-41fb-a0d4-3b1acf7dc4fb,c6c33689-9671-4ee2-b715-a4883031aaf4,product_images/A futuristic and detailed robot action figure inspired by transforming robots. The figure features mechanical joints
1510f4df-4211-4cb8-9783-2eebc62a37a0,c6c33689-9671-4ee2-b715-a4883031aaf4,product_images/A detailed LEGO City set with miniature buildings
e0430e43-fea1-4e09-bab7-bbcd21bcb598,a1e26e77-3bac-4113-a24b-4750c5e16858,product_images/A colorful toy kitchen set for children
136b3f81-99f2-436f-a5dd-2b93daed2ccc,a1e26e77-3bac-4113-a24b-4750c5e16858,product_images/A high-speed Hot Wheels race track with multiple loops
10b098ad-d496-483a-9760-01270ee5d367,5ec686c1-6885-4612-998c-2ce013e3772b,product_images/A sleek and fast remote control car with large wheels and a stylish aerodynamic design. The car is racing on a track
53903861-2dc6-4243-beac-c94686adc382,629227d9-1af5-4af2-bcf3-d5a57c947c22,product_images/A realistic and detailed dinosaur action figure
b2ce0058-3181-4d03-b007-91bbfed0ddb0,629227d9-1af5-4af2-bcf3-d5a57c947c22,product_images/A vibrant and fun playdough set for kids
78fd74cc-3d90-4bfe-adfa-30cfcfce364b,629227d9-1af5-4af2-bcf3-d5a57c947c22,product_images/A colorful xylophone toy for kids
f1b768ad-f49f-4a07-8d6b-3deaace0a65d,3a10114f-88ed-451f-afe0-1cfdfc4fbeb1,product_images/A fun and educational globe for kids
1e4fca72-c88b-4482-8eb1-55363d98432c,3a10114f-88ed-451f-afe0-1cfdfc4fbeb1,product_images/A colorful and engaging stacking toy for toddlers
673b1d91-f5a0-49c5-9c3b-c5aff63aa93d,05009618-1c86-4e42-bd6e-563899854006,product_images/A fun and interactive toy cash register for kids
f95fe7ba-f92a-4f5d-98ed-1a56b4e686b5,05009618-1c86-4e42-bd6e-563899854006,product_images/A colorful and engaging bead maze toy for toddlers
0a3e8ca1-9551-4bbc-820a-cefaa250295e,869d9304-6791-4d45-9925-533741d2655b,product_images/A fun and colorful kids’ bowling set featuring lightweight plastic pins and a small bowling ball. Designed for indoor and outdoor play
3c797e7a-1b84-4782-84ee-6599539e1e3b,869d9304-6791-4d45-9925-533741d2655b,product_images/A bright and engaging fishing game for kids
c17756a0-3f40-4a9a-a381-52e56a6cdfb9,869d9304-6791-4d45-9925-533741d2655b,product_images/A fun and interactive whack-a-mole toy for kids
266a74ac-6193-4f45-ab55-38d3f5e3d68b,d8cd7fc3-86a3-4f5a-ab08-47fef7387b5b,product_images/A bright and colorful ring toss game for kids
99f1d90c-98f2-4b39-9bec-5c5a2465bad8,d8cd7fc3-86a3-4f5a-ab08-47fef7387b5b,product_images/A small
a2de6bc8-ffec-4c55-911a-a6d291235ee1,d8cd7fc3-86a3-4f5a-ab08-47fef7387b5b,product_images/A classic wooden shape sorter toy for toddlers
3fa20bcd-9fcf-4619-9a63-a269bdbffd97,6ac5d8f5-f965-43f1-aedf-f9b1a338f590,product_images/A set of soft
3a8ee814-447d-4043-a62c-55a979a4b682,6ac5d8f5-f965-43f1-aedf-f9b1a338f590,product_images/A fun and bright kids’ microphone toy
37aaf29b-f44b-4656-91df-3b77bef98dd3,b7a12e3e-0420-4564-812c-77e84883ad0a,product_images/A colorful toy shopping cart filled with miniature grocery items like fruits
a267b41e-831c-4770-aabb-8382b8552ca5,b7a12e3e-0420-4564-812c-77e84883ad0a,product_images/A bright and engaging kids' doctor playset
b811525b-feb6-4a41-baca-8acab41bee3e,1c0846f3-09cd-4e90-92be-d39e72c0ca65,product_images/A vibrant toy fire truck with a working extendable ladder and flashing lights. Designed for kids who love emergency vehicle play.webp
08d452f8-6bd6-4e5f-85d4-613e8fec0f74,1c0846f3-09cd-4e90-92be-d39e72c0ca65,product_images/A playful and colorful kids’ fishing toy set
8079ce2c-02f8-4a12-8858-3fe2af1efb0f,1c0846f3-09cd-4e90-92be-d39e72c0ca65,product_images/A fun and interactive kids’ toy kitchen set
8aaafebc-b577-4b95-b6fa-1c2d45dca6e2,4e6849ff-c31a-45c7-9170-c2d4f5646939,product_images/A bright and engaging kids’ toolset
25807da2-6bdd-4a63-9aec-4f8bd5fc7cb6,1b404e39-f808-46ef-98e0-c020e53dc85a,product_images/A fun and colorful kids’ musical piano toy
017b7bac-4c70-4bbc-b0d6-fb72c46c645d,1b404e39-f808-46ef-98e0-c020e53dc85a,product_images/A colorful and engaging kids’ building block set
a02c9297-dff3-4c00-a104-209f982df33f,1b404e39-f808-46ef-98e0-c020e53dc85a,product_images/A fun and bright kids’ toy train set
7c0ac423-309f-4620-81ff-33a09b54acf8,48fda36a-4549-4ec3-b511-7d572fc1dcec,product_images/A bright and engaging kids’ pull-along toy
174d779e-ee58-4c0b-842c-17ed92e479d4,48fda36a-4549-4ec3-b511-7d572fc1dcec,product_images/A fun and colorful kids’ stacking cup toy
eddbd68b-16a1-4c88-9f56-5ab9bda52a24,48fda36a-4549-4ec3-b511-7d572fc1dcec,product_images/A vibrant and fun kids’ puzzle mat
5a37a902-c489-4942-a140-bd1421082ab1,91ccf22d-97c0-4f48-8799-142cd5a2cd2d,product_images/A cute and interactive kids’ plush animal toy
2fef9346-e2e3-48af-94e2-22e4b3ee344f,6b6cf6dd-0702-4ca9-9426-6ae25100b3aa,product_images/A colorful and engaging kids’ wooden abacus
dbaabc8c-fca4-4463-a9bc-4225ac0a53ea,fbe204a0-bb7a-439a-bb3c-22ed920e7a66,product_images/A bright and interactive kids’ activity cube
44af248e-4db2-4014-8ac1-2ff88936f208,fbe204a0-bb7a-439a-bb3c-22ed920e7a66,product_images/A fun and colorful kids’ pop-up play tent
be04151a-d4f1-4062-9a75-8ad2349dbdca,88974b81-064c-4205-a24d-028a6c2fca13,product_images/A playful and colorful kids’ water table
4acee94f-1d1f-4edf-ac2b-eeda20c31b57,e548060c-3a51-46b9-8445-3ffbc6566b4d,product_images/A fun and educational kids’ science experiment kit
d343833f-86b3-4c95-9ba8-b9835905fd19,6624abca-4c91-4381-821c-67d59fa30809,product_images/A bright and engaging kids’ walkie-talkie set
fafc9b9a-2a5a-4be7-baff-5fccba76fe52,6624abca-4c91-4381-821c-67d59fa30809,product_images/A vibrant and interactive kids’ electronic learning tablet
a63747c9-ca98-4e1e-b3f3-b16725ac7eec,6624abca-4c91-4381-821c-67d59fa30809,product_images/A fun and engaging kids’ gardening set
7f5e0025-d728-43ae-a3ed-4a917b73c241,6f89b746-d982-448c-a0a5-dca37b758d6e,product_images/A playful and interactive kids’ tool bench set
688f7b1e-d204-4e8b-9e99-79ec614298af,6f89b746-d982-448c-a0a5-dca37b758d6e,product_images/A fun and colorful kids’ toy drum set
f2d32187-45d7-42c1-aece-cd4fbe4d2808,4d3f17fd-83a8-41f4-99dd-deaf456005b6,product_images/A bright and interactive kids’ activity table
a6dbfbcb-2cec-408c-a035-cba7f95a3b91,32cf22a9-df26-4236-9cc3-e167093f0f13,product_images/A high-tech remote control car with a sleek design
7fa50ee3-41da-4667-b5c1-56e72c9fb5d2,7be6c57a-c859-4c33-b5f4-c3d5a335c4af,product_images/A fun science experiment kit for kids
13aaadf1-39eb-4fd7-809b-96dd98ccf211,c85ba063-b973-4b9e-ad53-53c9cf0ad3a0,product_images/A fluffy stuffed animal
045e3947-2c74-4a9b-8bea-104bb06043ed,c85ba063-b973-4b9e-ad53-53c9cf0ad3a0,product_images/A detailed science experiment kit featuring a volcano eruption model
5c650152-1e1a-4193-a327-f15ed20f6692,c85ba063-b973-4b9e-ad53-53c9cf0ad3a0,product_images/A superhero action figure in a dynamic flying pose
351256f3-7500-4ce3-8260-87ee3a08001f,71ac7ab2-825c-43f5-af92-9162431216fd,product_images/A thrilling Hot Wheels track set with loops
51373377-a33d-4fab-86a0-450aa28ec0d3,71ac7ab2-825c-43f5-af92-9162431216fd,product_images/A toy foam dart blaster with a colorful and futuristic design
db782275-2fa0-49d1-b3dc-a43837b42562,71ac7ab2-825c-43f5-af92-9162431216fd,product_images/A colorful toy kitchen set with a miniature stove
b557a84e-2163-42f5-8292-1a0fa6d1b020,d98187eb-b522-46b7-b046-a403c2dd56b4,product_images/A futuristic robot toy with glowing LED eyes
c7b055d0-766a-4884-8393-7d94ae901149,d98187eb-b522-46b7-b046-a403c2dd56b4,product_images/A colorful dollhouse with multiple floors
84cd4527-cdec-4cda-bb35-2a8189b9a8f1,dc1868bd-d2ae-4ce4-b040-d182482cdd31,product_images/A classic Monopoly board game set up on a table with colorful game pieces
00c59ffd-2f79-43a1-a4a0-1287dd876c14,dc1868bd-d2ae-4ce4-b040-d182482cdd31,product_images/A detailed and dynamic Superhero Action Figure
914347d8-00d1-42b6-9042-402d529fd028,842cd929-f0ff-4b7a-9cfe-ed3136cb6d91,product_images/A charming and classic Wooden Train Set arranged on a circular track. The set features colorful wooden train cars
1a908369-3230-4863-a455-781ec81431ca,842cd929-f0ff-4b7a-9cfe-ed3136cb6d91,product_images/A vibrant and detailed Monopoly Board Game setup
44c1ba02-2776-4512-bad3-533a45549da3,09a31869-8c11-4833-8c0d-32be8a762d62,product_images/A detailed and realistic Remote Control Helicopter in mid-flight
e26db08a-8276-455a-be94-2e67adc4d126,09a31869-8c11-4833-8c0d-32be8a762d62,product_images/A colorful and engaging Kids' Art Easel with a chalkboard on one side and a whiteboard on the other. The set includes markers
8cc450eb-ee35-498b-96bf-fde50f3b556a,09a31869-8c11-4833-8c0d-32be8a762d62,product_images/A bright and fun Kids' Basketball Hoop Set
a30593c1-31f1-4a2e-8966-60fcfd141c5a,9af6826f-3e0e-498e-9eb0-59e92ce98256,product_images/A vibrant and playful Kids' Playhouse Tent
7cf22396-499a-4813-8b9c-38236ec1e558,9af6826f-3e0e-498e-9eb0-59e92ce98256,product_images/A colorful and engaging Kids' Alphabet Learning Board
ff561252-ffdf-45b1-910a-c48ec3d416c4,05b43e9b-695f-4542-b564-21c5e9d0e3f4,product_images/A bright and cheerful Kids' Toy Cash Register
9605d6ec-3e71-44ea-a945-344b5652b63d,05b43e9b-695f-4542-b564-21c5e9d0e3f4,product_images/A fun and interactive Kids' Play Tool Bench
305d0711-fcce-43b2-871b-6b2ec18e669f,05b43e9b-695f-4542-b564-21c5e9d0e3f4,product_images/A colorful and detailed Kids' Train Set featuring a locomotive
1b085d91-e73a-417c-84c5-0b1b30e66891,54f20853-3963-40ea-8059-512817565ccc,product_images/A bright and engaging Kids' Building Block Set
6867c9d3-9504-4112-ba10-e6ef4abc3953,54f20853-3963-40ea-8059-512817565ccc,product_images/A vibrant and fun Kids' Toy Kitchen Set
8687a8d7-ba2b-4eea-a1b2-76fb1b1cf4bc,78dfc1b2-98dc-4677-8d2e-1380ec43f2f4,product_images/A playful and interactive Kids' Doctor Playset
0866e279-4eba-4c01-aa38-c0b55b0cbcbc,78dfc1b2-98dc-4677-8d2e-1380ec43f2f4,product_images/A colorful Fisher-Price toy set featuring interactive buttons
1f751255-1816-427b-a707-c385c49cc974,b46a3665-fecf-4557-9520-e09992dd966b,product_images/A sleek remote control car with LED lights racing on a track
2f1cf3a9-8c85-4b37-b0c9-0f8920ad2ddf,207e21ee-adc7-4e59-a7e6-01c5bededa4b,product_images/A colorful toy foam dart blaster with a futuristic design
bd8ff7e9-e46e-4f81-802f-043776b3dad3,207e21ee-adc7-4e59-a7e6-01c5bededa4b,product_images/An exciting Hot Wheels track with loops
99fe53a5-9c1c-44a7-97c0-fd5120897a71,1e9bb395-cafc-497f-a3b6-07e272e6e55d,product_images/A fun puzzle game with colorful pieces scattered on a table
0f469399-1c16-4fc9-b46e-592a9dc765aa,1e9bb395-cafc-497f-a3b6-07e272e6e55d,product_images/A soft and cuddly plush teddy bear with a cute bowtie
ca353010-0356-40e1-b2e9-9c8d5b9fd59f,9dfb38e1-1111-4299-9dc2-e1865f6566a8,product_images/A realistic dinosaur toy with scaly texture
17619d34-8198-4953-9a69-afe345fc0fad,9dfb38e1-1111-4299-9dc2-e1865f6566a8,product_images/A futuristic robot toy with glowing LED eyes
b9a408f1-21d8-490b-bea6-bf014e9a9b65,cb18f848-53e6-45d3-a8a6-1ff9b3e5ee23,product_images/A beautiful multi-story dollhouse with stylish furniture
c69bb868-517d-4a9c-9e1b-97e5f8db48fc,cb18f848-53e6-45d3-a8a6-1ff9b3e5ee23,product_images/A colorful toy kitchen set with a miniature stove
d4c4541e-f8be-4e53-bba6-7cff5fdc3f5b,b3df56ea-e5b8-457f-baf5-f29b1232bca5,product_images/A classic Monopoly board game set up on a table with colorful game pieces
4a7a7b3a-7672-45fc-bd09-aefcd85fc3c1,b3df56ea-e5b8-457f-baf5-f29b1232bca5,product_images/A realistic dinosaur toy with scaly texture
378bf1e4-da2b-4f76-a33e-4dd43ce03e10,b3df56ea-e5b8-457f-baf5-f29b1232bca5,product_images/A soft and cuddly plush teddy bear with a cute bowtie
71cbb778-88aa-4082-96f3-63e6036edf94,4a9f207c-0af9-4924-81cf-6506b89a1400,product_images/A magical kit with a magician’s hat
9589f2d0-70c0-4cb0-86c9-38edaec4aadc,4a9f207c-0af9-4924-81cf-6506b89a1400,product_images/A sleek remote control car with LED lights racing on a track
ec630816-5fde-4e5b-8534-d88048609591,a54dcf6f-73e8-4cfd-90b0-425ea8a9f86a,product_images/A beautiful multi-story dollhouse with stylish furniture
54cde6ec-01c2-41b7-a644-16906a2daf23,a54dcf6f-73e8-4cfd-90b0-425ea8a9f86a,product_images/A fun science experiment kit for kids
bfca3e6b-7488-4bc6-8502-85cbd9a214ec,659886fc-3540-465e-8f65-1d352fb7bf8b,product_images/A classic wooden train set with colorful tracks
36dd63f6-1764-4b36-ad16-5edf7bd43caf,659886fc-3540-465e-8f65-1d352fb7bf8b,product_images/A set of collectible fantasy-themed trading cards with colorful artwork
e7fa550a-7909-4470-9782-add49abb9431,659886fc-3540-465e-8f65-1d352fb7bf8b,product_images/A colorful toy foam dart blaster with a futuristic design
72b6aa28-a357-4a5b-84fe-7cd8779f86c0,fcc7de92-e1d6-4aee-bb43-84d72c22a739,product_images/A futuristic robot toy with glowing LED eyes
8e279bdf-3ec3-488b-bc49-f487c52a9757,eb38309f-0e93-429f-8c2a-d20e13ee7a0f,product_images/A detailed Transformers action figure in robot mode
2c5dbaf8-3195-455a-a7f4-aaae4b6fca1f,eb38309f-0e93-429f-8c2a-d20e13ee7a0f,product_images/An exciting Hot Wheels track with loops
74c39c45-07dd-4082-93af-074acd62a092,eb38309f-0e93-429f-8c2a-d20e13ee7a0f,product_images/A fun puzzle game with colorful pieces scattered on a table
eb09274e-2ea1-48a5-889b-5d86d69ead17,7289abfb-e2ec-40a6-a502-52bc002b0f7d,product_images/A soft and cuddly plush teddy bear with a cute bowtie
6dead391-46f1-4d9e-ac9f-d57d5a9e9e77,7289abfb-e2ec-40a6-a502-52bc002b0f7d,product_images/A realistic dinosaur toy with scaly texture
64d13432-6f19-40ee-bc15-4b355e2907e9,7289abfb-e2ec-40a6-a502-52bc002b0f7d,product_images/A magical kit with a magician’s hat
d285e141-17ce-4457-b50d-62c5eef30ed7,398ea852-860b-4458-bae2-dda857624f95,product_images/A superhero action figure in a dynamic flying pose
fde0b9ed-db5b-4e66-a46a-7ba842142846,398ea852-860b-4458-bae2-dda857624f95,product_images/A soft and fluffy stuffed animal
2afedcd5-7e26-461c-a959-8c4273c06c48,5f2e5416-132f-45a9-90a7-74e0ca5d3b52,product_images/A colorful toy kitchen set with a miniature stove
5780c66e-849c-4f3b-985a-89ccc308a546,5f2e5416-132f-45a9-90a7-74e0ca5d3b52,product_images/A classic Monopoly board game set up on a table with colorful game pieces
1bc9b8a0-cb13-472a-818c-0c55b452ceb9,7777bd26-1aeb-4137-a0a5-c171bf5c7b90,product_images/A colorful Fisher-Price toy set featuring interactive buttons
c7511f65-4373-46ce-b85b-ae9d43874330,7777bd26-1aeb-4137-a0a5-c171bf5c7b90,product_images/A LEGO City set with buildings
53627279-9c2f-48df-be19-e1539d6d2304,99a91e99-8b4c-43e8-a3a1-7cabb2d12ad8,product_images/A Play-Doh set with multiple colorful cans of dough
a5f38f30-222e-4de6-9485-d11acb2d366d,99a91e99-8b4c-43e8-a3a1-7cabb2d12ad8,product_images/A sleek remote control car with LED lights racing on a track
c95d8e1a-33a6-4fc8-bbc5-26baedc9d1b4,03c86b30-7078-4982-8e73-ebb18763ebaa,product_images/A realistic dinosaur toy with scaly texture
04a66468-184b-463e-8b0b-4a416bac5b89,03c86b30-7078-4982-8e73-ebb18763ebaa,product_images/A fun science experiment kit for kids
b06577ae-7157-4811-9ffc-3964b3ef8e1c,03c86b30-7078-4982-8e73-ebb18763ebaa,product_images/A fun puzzle game with colorful pieces scattered on a table
9e9b2eb7-99e7-4c3a-9143-ea2d464979c5,354bdc22-a0f8-4696-b8eb-d48d9a2f976a,product_images/A magical kit with a magician’s hat
028bfa5b-c4a6-4ee2-a0b5-e4538c857729,354bdc22-a0f8-4696-b8eb-d48d9a2f976a,product_images/An exciting Hot Wheels track with loops
720da061-8f94-42ae-b365-338b48c26799,570b7e49-d4f8-4c16-a5af-4f535adc005e,product_images/A detailed Transformers action figure in robot mode
1ef6b05d-cd85-498e-ae3c-7f9dd5dae2b2,3c5f3779-4864-4a33-81e9-e7d1e63390c2,product_images/A futuristic robot toy with glowing LED eyes
a0d791a0-4aef-4374-b9b2-ae47e9a6e254,3c5f3779-4864-4a33-81e9-e7d1e63390c2,product_images/A set of collectible fantasy-themed trading cards with colorful artwork
88833896-a2b1-4b97-9b34-152204642dee,3c5f3779-4864-4a33-81e9-e7d1e63390c2,product_images/A classic wooden train set with colorful tracks
e86549ae-5716-45eb-affe-7d047f4e9341,6f72c8e1-21f9-420b-8f35-c53eada9a265,product_images/A colorful toy foam dart blaster with a futuristic design
bc14ef67-df58-4ae1-b929-cbfaa3bb2115,6f72c8e1-21f9-420b-8f35-c53eada9a265,product_images/A fun science experiment kit for kids
a6e555a8-35c7-4a13-a062-54cac459add7,f96fbfdf-b12d-4b17-8526-00edd4575a02,product_images/A colorful Fisher-Price toy set featuring interactive buttons
18669ac6-1fad-49e5-9ee4-e0e569ad0300,f96fbfdf-b12d-4b17-8526-00edd4575a02,product_images/A soft and fluffy stuffed animal
dbfc419f-5a17-4248-afee-92071c24f1a9,f96fbfdf-b12d-4b17-8526-00edd4575a02,product_images/A classic Monopoly board game set up on a table with colorful game pieces
53c6aa62-8bf0-4ba9-8d87-7c310002fdf3,2f715950-af5a-4984-a484-e37572f80fd9,product_images/A classic Monopoly board game set up on a table with colorful game pieces
29c2bd6a-34e9-4ff9-9efb-ec92ecf25c57,2f715950-af5a-4984-a484-e37572f80fd9,product_images/A colorful toy kitchen set with a miniature stove
004649ee-cab7-44d2-81e1-6ed96868a14a,15fadbd0-d380-4430-83bf-8bc7e8a0d000,product_images/A soft and cuddly plush teddy bear with a cute bowtie
7f211d77-063a-4dfe-a896-7e643a80d029,ae6e8b98-6e55-490f-950e-838e4c25b66c,product_images/A detailed Transformers action figure in robot mode
aa1dddc2-683e-486a-a1e7-861c0e6a39fa,ae6e8b98-6e55-490f-950e-838e4c25b66c,product_images/A superhero action figure in a dynamic flying pose
8f85761b-7d8c-4356-88d2-2e27f06190c6,ae6e8b98-6e55-490f-950e-838e4c25b66c,product_images/A magical kit with a magician’s hat
e33155f1-00d9-41fe-808d-553c7779e81b,f86b2e6d-cdbc-443c-a287-71c13921c876,product_images/A LEGO City set with buildings
f3876018-ac10-47a6-a78d-51010ef04e79,f86b2e6d-cdbc-443c-a287-71c13921c876,product_images/A Play-Doh set with multiple colorful cans of dough
77a776bf-51e6-4e86-a56d-7cb6db34d99d,f86b2e6d-cdbc-443c-a287-71c13921c876,product_images/A futuristic robot toy with glowing LED eyes
2d7fa4e8-81b2-4372-9149-1a16ad7f8667,8f645beb-bf8f-4d85-9a33-42539b33611e,product_images/An exciting Hot Wheels track with loops
747197cd-8194-4c88-a23d-37944db71532,8f645beb-bf8f-4d85-9a33-42539b33611e,product_images/A realistic dinosaur toy with scaly texture
bfea394d-e8b0-4faa-b720-cfde54228f0c,79c25c3b-7b7b-4b47-8a85-bedc83a82f66,product_images/A fun science experiment kit for kids
8c66bb12-8da8-402d-933f-9d4acda23247,79c25c3b-7b7b-4b47-8a85-bedc83a82f66,product_images/A fun puzzle game with colorful pieces scattered on a table
52e871bc-6548-4ee5-9510-cfe5be0dc399,79c25c3b-7b7b-4b47-8a85-bedc83a82f66,product_images/A colorful Fisher-Price toy set featuring interactive buttons
d9f2f678-6ec2-4e9d-ba69-70ca1dd6bded,dddb2bc9-86a1-4d2a-b991-45c4e20d649f,product_images/A sleek remote control car with LED lights racing on a track
601811fe-5fd2-4bdc-90bd-9db2445a190a,dddb2bc9-86a1-4d2a-b991-45c4e20d649f,product_images/A colorful toy foam dart blaster with a futuristic design
61bbb01e-2373-436f-bd60-c15c164d018b,dddb2bc9-86a1-4d2a-b991-45c4e20d649f,product_images/A beautiful multi-story dollhouse with stylish furniture
7aabac95-d6a7-474b-af65-b11c85db15df,f5c42d29-5871-4196-8882-cac98b2236f4,product_images/A soft and fluffy stuffed animal
8f587981-b88e-437c-a717-ac254f1402e0,c404cd33-9cc0-436b-8fe3-ba9f25836773,product_images/A set of collectible fantasy-themed trading cards with colorful artwork
798ccaab-c938-44c3-b9ea-3547266a5d36,cf5e840e-d067-4031-8d6b-9e12d1a30d73,product_images/A colorful toy kitchen set with a miniature stove
1d9aa442-d6ff-4982-b871-24ad744c2fbe,ecc3c600-2b82-4feb-957b-196afdce8999,product_images/A classic wooden train set with colorful tracks
3fb6d79a-97b1-462c-a990-180b1b24fed6,ecc3c600-2b82-4feb-957b-196afdce8999,product_images/A realistic toy kitchen set designed for kids. It includes miniature pots
0c39b564-d1d3-452b-b94e-2852f54f03c5,6464f066-5c1d-4fc1-8a3e-ad22f5d35e0e,product_images/A realistic toy kitchen set designed for kids. It includes miniature pots
dc136d3f-4828-4546-bd4d-2417a9a11090,6464f066-5c1d-4fc1-8a3e-ad22f5d35e0e,product_images/A realistic Hot Wheels race track with multiple loops and ramps. Small
9d73096c-92c5-4c5f-b404-b23360ba4923,6464f066-5c1d-4fc1-8a3e-ad22f5d35e0e,product_images/A realistic Play-Doh set with multiple colorful clay containers
ebd075cd-ed28-440f-aaca-615845218f90,86a01e44-5a06-435f-99e1-fc953d84c519,product_images/A realistic Fisher-Price toy set featuring colorful interactive elements like buttons
25698701-7660-4739-bfac-7ef768f81799,e11e7588-f5fc-48bd-a028-2c46f2fcc16d,product_images/A realistic family board game set displayed on a table. The set includes a colorful game board
ae3cdfa3-01cb-470c-8247-ad6f24425bed,0274e79d-2595-4ab1-9fdb-fc36930de2d9,product_images/A realistic RC car set featuring a high-speed remote-controlled car with rugged tires. The set includes a remote control and charging accessories. The.webp
09b45d50-ef05-4b53-9fe5-ffd3b1a54414,0274e79d-2595-4ab1-9fdb-fc36930de2d9,product_images/A realistic LEGO building set featuring a colorful construction with miniature bricks. The set includes small characters
b2da69fc-22ac-4bfc-b338-dfb7fc5a8e10,0274e79d-2595-4ab1-9fdb-fc36930de2d9,product_images/A realistic stuffed teddy bear with soft fur
ee62afd6-06ea-43c9-9299-c28f20a8208c,80051f14-1dbe-4bd6-8b38-f709069c1146,product_images/A realistic dollhouse set featuring a multi-story miniature home with furniture and tiny dolls. The house includes detailed rooms like a kitchen
8382d5d7-4a47-4d29-9b54-dba5d12ac090,3a593da4-4924-4472-a324-55e0cd5cf28c,product_images/A realistic science experiment kit for kids
4f5325b5-05d1-4bbb-b596-06846a92f23a,3a593da4-4924-4472-a324-55e0cd5cf28c,product_images/A realistic musical toy set for kids
c433a393-12fb-4f3a-83f6-536f7cf6f8fc,67282eb0-bdc9-4206-bdd9-ba6cdc91484b,product_images/A realistic remote-controlled drone toy designed for kids
15cf8925-d9e0-48c8-b8a1-ae70051b4989,67282eb0-bdc9-4206-bdd9-ba6cdc91484b,product_images/A realistic toy train set featuring a detailed locomotive
e8e7db7a-5f2e-465c-821c-66a5f7b0ebcd,67282eb0-bdc9-4206-bdd9-ba6cdc91484b,product_images/A realistic children's puzzle set featuring large
6ab035e7-3dab-4179-88dc-fce593435ade,d5593ac4-cbfc-46d6-b941-08ceb62808c4,product_images/A realistic kids' art and craft set featuring colored markers
e591c7a4-464b-4a1a-95dc-93247f22528e,66a30597-dca4-4f6a-8607-7d8c67392659,product_images/A realistic toy doctor playset for kids
690ada2e-aa2e-49aa-84de-35629f7d7e93,73e678e4-1d54-4e74-8360-46ce573acabd,product_images/A realistic remote-controlled robot toy with LED lights and interactive features. The robot is designed for kids
075dcd31-8b90-4011-9ba7-fa5178e07c69,73e678e4-1d54-4e74-8360-46ce573acabd,product_images/A realistic toy tool set for kids
65cd4c1a-f516-4d79-9afe-e2c78d7243da,8faeee66-5f8f-419b-8803-f5f03ba266f9,product_images/A realistic magic trick set for kids
a07e5a68-d24b-46d8-88fa-aae6864e2bdf,8faeee66-5f8f-419b-8803-f5f03ba266f9,product_images/A realistic kids' camping playset featuring a toy tent
ffec7853-adee-42cf-a0fe-0f974ab07072,f672bef1-39a3-4612-9328-4c8045bb48ce,product_images/A realistic toy farm playset featuring a colorful barn
33e6a5da-e308-45bf-a6d0-25282e416c70,f672bef1-39a3-4612-9328-4c8045bb48ce,product_images/A realistic space explorer playset for kids
d5de54bf-b9b9-46f8-8c56-314916ed4134,f672bef1-39a3-4612-9328-4c8045bb48ce,product_images/A realistic kids' kitchen playset featuring a miniature stove
7dc0c25e-bcf3-42aa-a59d-00afbd56ec5c,7ed4c6fc-cf79-4a5e-96eb-2a0b6b18fad5,product_images/A realistic dinosaur toy set featuring various colorful dinosaur figurines
1f14f91e-a120-48b6-9a6e-8ad030e433f3,7ed4c6fc-cf79-4a5e-96eb-2a0b6b18fad5,product_images/A realistic firefighter playset for kids
9630fb55-6b62-4266-bd5d-a76e3786da32,7ed4c6fc-cf79-4a5e-96eb-2a0b6b18fad5,product_images/A NERF Blaster that is a great gift for children of all ages. Features soft foam darts
532935d4-04ed-4248-a895-c4dd8343a60c,643f026f-6281-4ad9-b888-fad3e74c6030,product_images/A Hot Wheels Track that is easy to assemble and store. Features thrilling loops
07a84639-d6a7-4334-89ba-85d18c208c33,c6171d71-88ba-411e-8062-eb2013e44c69,product_images/A Puzzle Game made from safe and non-toxic materials. Features colorful pieces that challenge and entertain children. Perfect for developing problem-s.webp
0711d72f-aa26-409f-a990-585229c42f0a,c6171d71-88ba-411e-8062-eb2013e44c69,product_images/A Plush Teddy Bear made from safe and non-toxic materials. Features soft fur
c9cc976a-cf95-4b81-a34f-3caa3bc811e5,c6171d71-88ba-411e-8062-eb2013e44c69,product_images/A Dinosaur Toy designed for hours of entertainment. Features realistic details
36b6fcf4-abc6-48f0-bb43-30535c896f91,edc88000-86a6-431b-933b-5269ac69b888,product_images/A Robot Toy that is perfect for imaginative play. Features bright colors
780ac713-fd56-4479-ae00-c61354b7c864,acacdd91-0286-4a8f-a125-6892224a83f6,product_images/A Toy Kitchen Set that is high-quality and durable. Includes miniature utensils
19aeb85a-bee5-4d43-afe4-b01cdecf6d1d,acacdd91-0286-4a8f-a125-6892224a83f6,product_images/A Wooden Train Set that is high-quality and durable. Features wooden tracks
6341a028-c73b-49fb-973f-c296f8d1b567,99d34d96-6ec0-4ffd-9945-7c5d66fe6cf1,product_images/A collectible card game set featuring fantasy creatures. Includes colorful and unique cards with special abilities. Perfect for kids who love strategy.webp
be0cd29d-0a71-4c92-80d0-4f6bb332eb83,99d34d96-6ec0-4ffd-9945-7c5d66fe6cf1,product_images/A Children's Art Set that is high-quality and durable. Includes colorful crayons
97c6d912-0613-4aeb-9419-a88ffe3b346e,99d34d96-6ec0-4ffd-9945-7c5d66fe6cf1,product_images/A Remote Control Car that is high-speed and durable. Features sleek design
784651a0-44fe-40e5-bb7d-9d7c4b33647f,19b4ba94-94e3-47c2-b3c8-37a21daeb60f,product_images/A Science Experiment Kit that is educational and fun. Includes colorful test tubes
519b2e3e-ba66-4e06-a460-ad60eb04ce88,798dd297-9cde-4718-8ec3-2106006df272,product_images/A Stuffed Animal Unicorn that is soft and cuddly. Features rainbow colors
3f5afe99-2ef1-43ae-93ec-9f0d2fa2643f,798dd297-9cde-4718-8ec3-2106006df272,product_images/A Kids' Building Blocks Set that is colorful and educational. Includes various shaped blocks that connect easily. Designed for kids who love creativit.webp
215ae7e7-2bd8-44f9-9e97-89fdc8de8024,edf2ce76-8af9-4b39-8c6d-d828167933fc,product_images/A Children's Musical Instrument Set that is fun and educational. Includes colorful drums
323793ed-b723-4999-803b-58e66027a3e5,380d10b8-2103-4e15-9364-d7e4dfdfd45e,product_images/A Kids' Doctor Playset that is fun and educational. Includes a toy stethoscope
bf48d2cb-e91a-43af-b3fa-5ef433be592b,f91c77df-6e38-4cef-863e-4f7222074b04,product_images/A Children's Camping Playset that is fun and adventurous. Includes a toy tent
20f91131-e65d-410a-b0ba-3740beca1b7e,b64bbe7c-fed4-4d77-9a3e-95570973017b,product_images/A Kids' Science Lab Kit that is fun and educational. Includes colorful test tubes
f7ebb4db-6afc-400f-9e15-479726ede9fc,b64bbe7c-fed4-4d77-9a3e-95570973017b,product_images/A Kids' Puzzle Set that is colorful and educational. Features various shapes
d290a72c-d69b-4da0-9f83-b8a5a5bc10c6,74dc97aa-2184-4356-89dc-60b6fd1c28c8,product_images/A Kids' Tool Set that is fun and educational. Includes colorful toy hammer
019b8df3-dbfb-460b-8126-aba8f8a17d2d,b9fddf09-1f16-4245-9ce6-6ed3615350c8,product_images/A Kids' Magic Kit that is fun and exciting. Includes a magician’s hat
97b182b5-a930-4dcf-954e-3513805d96df,d9364ca9-77d7-4dac-8c4c-6a3d8912e338,product_images/A Kids' Adventure Play Tent that is fun and colorful. Features a lightweight
943c2610-8eb2-42d8-886d-d9bbe03014bb,d9364ca9-77d7-4dac-8c4c-6a3d8912e338,product_images/A Kids' Cooking Playset that is fun and educational. Includes colorful toy pots
f377a9cf-2412-42fa-8048-0fab7eed667e,5e1bdf54-8e8e-49ed-93bf-8534c0839a9d,product_images/A Kids' Robot Toy that is interactive and fun. Features lights
0783ec50-8408-4cb4-b4ff-7fd918eedbfd,5e1bdf54-8e8e-49ed-93bf-8534c0839a9d,product_images/A Kids' Sports Playset that is fun and active. Includes a mini soccer goal
b50c5c76-2bed-4d44-a5ff-4417cf272c05,5e1bdf54-8e8e-49ed-93bf-8534c0839a9d,product_images/A Kids' Firefighter Playset that is fun and adventurous. Includes a toy fire truck
17b9a767-c5d0-4f80-90b3-7c30fd1bd7dc,f7f11c92-2988-4970-8272-cb53ef934f93,product_images/A Kids' Space Explorer Set that is fun and educational. Includes a toy astronaut helmet
7e038bd1-cd10-4f15-9afb-c27f7477915b,f7f11c92-2988-4970-8272-cb53ef934f93,product_images/A Kids' Gardening Playset that is fun and educational. Includes colorful toy pots
67582594-b2ca-4a69-aae1-69e8f5d06b27,b8db99a2-e9a0-4391-b224-213a1bde567f,product_images/A Kids' Detective Playset that is fun and adventurous. Includes a toy magnifying glass
faa81a90-a31f-40f0-9253-315868d03444,b8db99a2-e9a0-4391-b224-213a1bde567f,product_images/A Kids' Pirate Adventure Playset that is fun and exciting. Includes a toy pirate ship
6731601f-0452-4d7e-b9fe-9cbc0b827374,b8db99a2-e9a0-4391-b224-213a1bde567f,product_images/A Kids' Train Adventure Set that is fun and interactive. Includes a colorful toy train
87f44e28-de79-4fb2-aad0-ee8dcf4f6cd2,1640ac46-4984-4039-8b07-1e5ff94b4686,product_images/A Kids' Construction Playset that is fun and engaging. Includes toy construction vehicles
d547d7f2-f12b-44b4-9d40-290854af5cf8,1640ac46-4984-4039-8b07-1e5ff94b4686,product_images/A Kids' Superhero Dress-Up Set that is fun and exciting. Includes a cape
750f396c-8dc4-4b63-ba91-cf062cbc2b71,1640ac46-4984-4039-8b07-1e5ff94b4686,product_images/A Kids' Animal Safari Playset that is fun and educational. Includes toy animals
cc0c768a-3058-4ed7-9624-dc5ab34f585e,b789409f-9071-4c32-8732-ee354721d30e,product_images/A Kids' Space Adventure Playset that is fun and imaginative. Includes a toy spaceship
c54ba5cb-4c6a-4c3a-a81b-6d9a465af471,e48a7d39-1f2d-4ac2-9b0b-2421074e64cd,product_images/A Kids' Castle Playset that is magical and fun. Includes a toy castle
34f3c0b3-0085-4474-a3f8-94046043e24b,e48a7d39-1f2d-4ac2-9b0b-2421074e64cd,product_images/A Kids' Dinosaur Adventure Playset that is fun and educational. Includes toy dinosaurs
2053d962-b92f-4b9c-8a00-081893d0854d,f79eae41-55eb-4b1b-a57a-55235737c6ee,product_images/A Kids' Farm Animal Playset that is fun and educational. Includes toy farm animals
8d92a86d-3098-4bce-ba86-8a4232f7d1ba,f77e61fe-734d-40aa-a9b8-412b7ffff020,product_images/A Kids' Fairy Tale Playset that is magical and enchanting. Includes a toy castle
19aef19e-ec5b-4617-a214-b60d0c3c594f,5c6b3273-d68b-44e1-bcde-f1838aa9f60c,product_images/A Kids' Ocean Explorer Playset that is fun and educational. Includes toy sea animals
406793fb-27f9-46d3-a5a9-6c16f1828047,0d4caac6-4b1a-402b-9ddc-37d7a558bb39,product_images/A Kids' Medieval Knight Playset that is adventurous and fun. Includes a toy castle
040cc768-0662-4675-86a5-87ce5508d8fb,0d4caac6-4b1a-402b-9ddc-37d7a558bb39,product_images/A Kids' Space Shuttle Playset that is exciting and educational. Includes a toy space shuttle
aece1c66-5f4a-4cf6-87aa-986f1d682159,e4d1e574-7dbe-4a66-af05-3280cb6f400e,product_images/A Kids' Farm Tractor Playset that is fun and educational. Includes a toy tractor
cc904239-f464-403f-9e5d-6d52cee4b93e,df9a68f2-01a8-4286-bd00-95b644fd98c2,product_images/A Kids' Police Officer Playset that is fun and adventurous. Includes a toy police car
4f6df625-9eab-43c4-97f5-e4f12ee1262b,df9a68f2-01a8-4286-bd00-95b644fd98c2,product_images/A cute stuffed animal
6b302f82-d30e-4639-a100-3e8603aeac9f,e775cb7f-6332-4712-a9f1-b26f1decad1a,product_images/A colorful toy kitchen set with miniature utensils
e20b2d4d-d945-429b-94fd-1b4b5109a668,e775cb7f-6332-4712-a9f1-b26f1decad1a,product_images/A stylish and elegant dollhouse with multiple rooms
8739db36-a337-481d-a2b0-947646c958f6,e775cb7f-6332-4712-a9f1-b26f1decad1a,product_images/A classic board game set with a colorful game board
57db3485-6644-4f09-b4f8-487d30815939,4f2cf220-c7b1-491f-8958-dc4442b31117,product_images/A realistic and detailed dinosaur toy
0299273a-1eea-4c3d-9fae-05bb33bea6e4,1877a4fd-d96e-4c88-87f4-9882b1ec8923,product_images/A fun and engaging magic kit for kids
34ad0481-6d7a-41c9-8d83-419d33168218,1877a4fd-d96e-4c88-87f4-9882b1ec8923,product_images/A futuristic robot toy with LED lights
1581344c-a7b0-4662-a26a-2037d2835fd6,1877a4fd-d96e-4c88-87f4-9882b1ec8923,product_images/A dynamic superhero action figure with a colorful costume
0a6e74e6-9d2c-48ff-9c07-ca562a933dec,df1d00ab-4b42-4181-96be-75b4d4e3791d,product_images/A magical kids' playset with wands
3850e708-a964-4bf5-a684-f9278bd0a009,c17b5c6f-b69d-426b-9240-8eb492ac8436,product_images/A magic kit for kids with a magician's hat
3f0b6f3b-9337-41a4-b5c9-33733c22794f,c17b5c6f-b69d-426b-9240-8eb492ac8436,product_images/A soft and cuddly plush teddy bear with a cute ribbon around its neck. Perfect for imaginative play.webp
9916077e-d9fa-43de-acad-e9905c773bf7,1f304c09-d829-44a2-9c6f-e8d74cbd3b48,product_images/A colorful and challenging puzzle game with multiple pieces forming a beautiful image. High-quality and durable.webp
e94da1a1-d756-46a3-a2be-fa479d9464dd,1f304c09-d829-44a2-9c6f-e8d74cbd3b48,product_images/A detailed superhero action figure with a dynamic pose
6caed228-c5ce-4290-be84-df295b156f7e,1f304c09-d829-44a2-9c6f-e8d74cbd3b48,product_images/A science experiment kit for kids with test tubes
3f4a1f38-031a-4b70-a999-0616973436c2,cb7aaa64-66fa-420d-98b5-8864dc48fbe7,product_images/A soft and cuddly stuffed animal with a cute expression
8da0f090-31e2-42d1-ae38-a66164e89ce5,b9bac536-8202-4806-a62b-7d39af22df75,product_images/A fun and engaging dinosaur toy for kids
0f5c7734-3705-436a-a060-98370ba42f57,b9bac536-8202-4806-a62b-7d39af22df75,product_images/A classic Monopoly board game set with a colorful game board
360c42c2-f3cc-4414-817c-fbcda616312b,b9bac536-8202-4806-a62b-7d39af22df75,product_images/A magical kids' playset with wands
e63cf1b2-bcb7-4198-a7a6-e7d34c9fffe9,ffc2e367-a5bc-44d5-b2f4-3181b782feb4,product_images/A soft and cuddly plush teddy bear with a cute ribbon around its neck. High-quality and perfect for snuggling.webp
895f1631-558e-4226-9904-1892d49f91fe,ffc2e367-a5bc-44d5-b2f4-3181b782feb4,product_images/An interactive and fun educational toy set for kids
cb60d6fa-18c8-4a1a-a7d4-032fbb8e2e40,e175dfce-1b7b-4e61-81e7-247ec167eb82,product_images/A colorful race car toy set with miniature cars
c1f03500-9727-4cdb-9368-ec668664df6b,e175dfce-1b7b-4e61-81e7-247ec167eb82,product_images/A creative arts and crafts kit for kids with colorful paper
d8256bec-d3c2-4cf5-9319-f0cc3c139639,e175dfce-1b7b-4e61-81e7-247ec167eb82,product_images/A colorful children's building block set with various shapes and sizes. Perfect for imaginative construction play.webp
19a6bfcc-cfc1-41eb-9160-f5965fedf3fd,e433116f-893f-4c67-8df7-94eb95df70ba,product_images/A classic wooden train set with colorful tracks
9d1b19c5-5aac-40e7-915c-4e9abfc931a8,81ef9878-2b4c-4653-a493-0a285e14164b,product_images/A fun and engaging magic kit for kids with a magician's hat
e576ec1e-4d22-4ace-a000-74dc7dd79e0d,81ef9878-2b4c-4653-a493-0a285e14164b,product_images/A high-quality product image of a Toy Robot. Designed for interactive play and encourages problem-solving. Categories_ Robots
2970b0c4-c9f0-4d09-bc8a-14e67f38f0db,05130278-5a76-4ef7-a6d6-7f992bd4208a,product_images/A high-quality image of a colorful card game set designed for children. Features vibrant artwork and neatly organized cards in a box. Suitable for an .webp
4f2e33cd-1c0a-462a-8b7d-df895616721f,bfe528dd-8b38-4ee1-ad9c-60338f418420,product_images/A high-quality image of a LEGO City building set. Features miniature buildings
7b21a36b-cd12-49ea-92c1-9d5450000838,bfe528dd-8b38-4ee1-ad9c-60338f418420,product_images/A high-quality image of a robot toy designed for children. Features colorful lights
ede607bc-a171-4504-acb6-998211c0312f,0bf44ba2-109b-4b7e-8c18-69dfa0ceef98,product_images/A high-quality image of a Monopoly board game. Includes a colorful game board
9478b988-73c8-47a4-bfd1-310e555a81d9,25fdc28c-a8bc-49b6-866c-25f5e36eb83f,product_images/A high-quality image of a colorful racing car toy designed for children. Features sleek design
017117d0-45f8-4c18-b7ce-17c410420365,f6b43233-055f-485f-99b2-fe0d7a025e9c,product_images/A high-quality image of a plush teddy bear toy. Features soft brown fur
508db92a-63f5-4fac-a845-9e42c4909734,ab9c9316-9f89-4ce9-9251-fc8aae31a0a3,product_images/A high-quality image of a remote-controlled helicopter toy. Features sleek design
f8f7ac0c-7103-46db-bbf9-e41b69362768,bae5bc84-b155-48f4-a970-4c6519605dcd,product_images/A high-quality image of a colorful building blocks set for children. Includes various shapes and sizes in bright colors
44f78a9f-d989-40d4-90c2-6bfa12ea1381,bae5bc84-b155-48f4-a970-4c6519605dcd,product_images/A high-quality image of a children's puzzle set. Features colorful interlocking pieces forming a fun animal picture. Perfect for an e-commerce website.webp
31653f76-6446-4e9a-b8d1-c0928c601afc,bae5bc84-b155-48f4-a970-4c6519605dcd,product_images/A high-quality image of a toy train set for children. Features a colorful locomotive with attached carriages on a circular track. Perfect for an e-com.webp
0c8f677e-25f1-44cb-b568-a44ae105cbdb,6804a730-f70d-4781-96da-a8d51f98b5c9,product_images/A high-quality image of a kids' art and craft kit. Includes colorful markers
6107264b-9195-485e-84d7-fb3cf4120d7e,6804a730-f70d-4781-96da-a8d51f98b5c9,product_images/A high-quality image of a toy drum set for children. Features colorful drums
21628c62-52fc-4bb3-9249-127c05e46bb9,6804a730-f70d-4781-96da-a8d51f98b5c9,product_images/A high-quality image of a children's kitchen playset. Includes miniature utensils
3e019b78-8ade-49b7-af3c-32398196917b,27c6ca4b-2732-4366-9982-2dbb7d8b0613,product_images/A high-quality image of a remote-controlled car toy. Features a sleek design with bright red and black colors
1831188c-c55f-48c8-93f4-bc9f838baeb9,27c6ca4b-2732-4366-9982-2dbb7d8b0613,product_images/A high-quality image of a children's dinosaur figurine set. Features various colorful dinosaur models like T-Rex
84a624bd-00ad-421d-a327-91ce5a61166d,637f90b4-bfd1-44c3-b731-ca1cd5844f09,product_images/A high-quality image of a children's basketball hoop set. Features a colorful adjustable hoop with a small basketball
a76b83e0-499e-4591-8857-b0077c348db4,d8420699-7705-4aae-8edd-a6af5f50cc68,product_images/A high-quality image of a children's science experiment kit. Includes colorful test tubes
88632ecb-4ab4-4e87-808f-d3207a2a9de6,d8420699-7705-4aae-8edd-a6af5f50cc68,product_images/A high-quality image of a children's magnetic building tiles set. Features colorful geometric tiles arranged in creative 3D structures
609c7622-3abe-4a32-b97d-5081d5a92dcc,88a7f6b4-bd97-4ffe-9154-4f3f7ddd4e9b,product_images/A high-quality image of a children's race car track set. Features colorful tracks with loops and ramps
c7cdefb4-5371-4c21-84b1-16658f65a571,88a7f6b4-bd97-4ffe-9154-4f3f7ddd4e9b,product_images/A high-quality image of a children's fairy tale book set. Features colorful illustrated covers with magical characters like fairies
8149b105-aa47-46c3-84ef-d8863d39adce,a7c8a69a-fac2-488f-8760-ec6b36d023b1,product_images/A high-quality image of a children's sandbox playset. Features colorful sand molds
2b6b0f2b-365d-4ca3-9586-f703b7aae15c,a7c8a69a-fac2-488f-8760-ec6b36d023b1,product_images/A high-quality image of a children's musical instrument set. Includes colorful maracas
c569d228-64cb-4503-97b3-fdd1511ff02a,a7c8a69a-fac2-488f-8760-ec6b36d023b1,product_images/A high-quality image of a children's pirate ship toy. Features a detailed ship with sails
35ec9af7-d6be-4536-b43c-ac0e3128bcf5,8664083b-3f61-46f8-948c-d3684d079cc0,product_images/A high-quality image of a children's farm animal figurine set. Features detailed models of cows
cb0caf92-4bbd-4100-8910-0be0581831db,b3b7a52d-9268-4828-9817-bec510abfe9b,product_images/A high-quality image of a children's space exploration playset. Includes toy rockets
59724cff-21a9-481a-b193-e7ab4f379ae3,b3b7a52d-9268-4828-9817-bec510abfe9b,product_images/A high-quality image of a children's kitchen cooking playset. Includes miniature pots
4dda4c7f-2fd3-4311-ab1b-422946eee0b7,e8d5c7c6-d96c-425e-925c-af93d2390132,product_images/A high-quality image of a children's firefighter playset. Includes a toy fire truck
608a0913-3971-408e-91e3-83cacae0f687,e8d5c7c6-d96c-425e-925c-af93d2390132,product_images/A high-quality image of a children's dinosaur excavation kit. Includes a digging tool
0dbacacc-db0c-4acd-9b96-25f97628c6be,e8d5c7c6-d96c-425e-925c-af93d2390132,product_images/A high-quality image of a children's magic trick set. Includes magic wands
88ebf657-4a28-4fbb-995f-1cdb870e9c8b,7392adc5-8234-4f20-9585-16fca11f521a,product_images/A colorful and engaging puzzle game with interlocking pieces
ac2b4589-ef56-40c8-81ed-77223590120b,7392adc5-8234-4f20-9585-16fca11f521a,product_images/A detailed LEGO City set with miniature buildings
6e9daa40-1299-4339-ab32-53106e2a095c,7392adc5-8234-4f20-9585-16fca11f521a,product_images/A colorful and engaging puzzle game with interlocking pieces
32f3bbe4-8989-45cd-b388-e98cb3f57fad,b9a2623f-0114-4850-87b4-30ddd1582fdd,product_images/A cute and cuddly stuffed animal
5b232918-3962-465f-b73c-499e596d63a4,224945d6-b4bd-48d8-8d50-46ffd2a33e4f,product_images/A cute and cuddly stuffed animal
bb84d76a-b96a-4663-b7f9-2b63c9e047a8,224945d6-b4bd-48d8-8d50-46ffd2a33e4f,product_images/A colorful toy kitchen set for children
c3996dc8-f70b-483e-a535-07e58482d5c9,224945d6-b4bd-48d8-8d50-46ffd2a33e4f,product_images/A classic wooden train set with interlocking tracks and colorful train cars. The set includes bridges
01ca03e7-b2da-4c61-ba59-11fade05bbe5,d92e345b-fef1-41ba-9c1a-d4dd13963c1b,product_images/A fun and mysterious magic kit for kids
dd9311be-a7ce-4b14-b291-079d672f09d1,d92e345b-fef1-41ba-9c1a-d4dd13963c1b,product_images/A generic trading card set featuring colorful and collectible fantasy-themed cards. The set includes holographic and rare cards
a30de652-d71a-4a26-91f1-59f703bcbf35,d92e345b-fef1-41ba-9c1a-d4dd13963c1b,product_images/A futuristic robot toy designed for kids. The robot features LED eyes
0318fe63-d188-4aad-ad60-e0ee75aa24a8,b61ba399-e005-4380-aeee-a6cdf0418838,product_images/A charming and colorful dollhouse with multiple floors
3af325ce-c3b8-467c-a3ae-4720ad0bf558,f5cac105-4fbe-4783-b6f3-32a2b121effa,product_images/A futuristic and detailed robot action figure inspired by transforming robots. The figure features mechanical joints
78f75a95-d447-433d-a82d-50255b8911d3,6b0203ab-aca3-4a6b-86c1-88c8a07393ff,product_images/A detailed LEGO City set with miniature buildings
6a51b6ca-cc5a-49a4-843d-cac8bd7df1fc,b8d7d36e-9c09-47bd-9bd8-9b23d07cda6f,product_images/A colorful toy kitchen set for children
f80fd857-e932-4078-9bb3-cb24b85c8966,b8d7d36e-9c09-47bd-9bd8-9b23d07cda6f,product_images/A high-speed Hot Wheels race track with multiple loops
31301a30-8bac-43be-913b-eedf1dd048a5,5b5287a6-7b0b-4e9d-92a4-621724cda1fb,product_images/A sleek and fast remote control car with large wheels and a stylish aerodynamic design. The car is racing on a track
b77275e3-397e-4ecf-9014-01e9620239fb,5b5287a6-7b0b-4e9d-92a4-621724cda1fb,product_images/A realistic and detailed dinosaur action figure
416c3a58-9e97-41f1-acf3-ebffcf44c083,0294bc1e-d35c-47d4-b31e-60ffe778b426,product_images/A vibrant and fun playdough set for kids
285afd6b-e245-48b3-8a8d-3ed994c4d0ea,0294bc1e-d35c-47d4-b31e-60ffe778b426,product_images/A colorful xylophone toy for kids
8fa46a7a-340a-4e17-a5af-4e5368c593d4,0294bc1e-d35c-47d4-b31e-60ffe778b426,product_images/A fun and educational globe for kids
eb0e687b-cd18-4474-a3a9-0b6c65bf60dc,77371932-d735-4fef-b8b8-bff21c4e1a21,product_images/A colorful and engaging stacking toy for toddlers
608f0920-b40d-4feb-bd46-7486c711a316,77371932-d735-4fef-b8b8-bff21c4e1a21,product_images/A fun and interactive toy cash register for kids
917bf505-ac93-4d9b-a4a1-e8c82c6f09d4,77371932-d735-4fef-b8b8-bff21c4e1a21,product_images/A colorful and engaging bead maze toy for toddlers
a58637a4-1e80-4017-b388-bf652135e124,5675465e-7749-42e6-b243-28e8545f0e60,product_images/A fun and colorful kids’ bowling set featuring lightweight plastic pins and a small bowling ball. Designed for indoor and outdoor play
a47b7e4b-7b6e-472a-bc07-08afbae53f12,5675465e-7749-42e6-b243-28e8545f0e60,product_images/A bright and engaging fishing game for kids
0b351a9f-a924-495c-b307-f9f6326f51d5,5675465e-7749-42e6-b243-28e8545f0e60,product_images/A fun and interactive whack-a-mole toy for kids
327e35ab-986e-4c63-ab52-ffaff305fc80,79ed0c44-5fbf-4478-be32-5988fdb455a3,product_images/A bright and colorful ring toss game for kids
26f8d9c4-f15a-4eb9-b7ce-378af65eb701,79ed0c44-5fbf-4478-be32-5988fdb455a3,product_images/A small
efc27726-e776-4116-8cd9-fe8b315838d8,79ed0c44-5fbf-4478-be32-5988fdb455a3,product_images/A classic wooden shape sorter toy for toddlers
5908033e-7723-404f-9cb7-58ec704771ad,f988dbac-54a1-4f1f-af91-d71bdc11674b,product_images/A set of soft
8098d3e2-b139-4271-8d02-de7731858096,9e03bdba-58b3-412c-9515-86b8b3517702,product_images/A fun and bright kids’ microphone toy
fa65d3e1-7fe5-4756-8c8b-63859073406a,76e0a8cd-8bae-44c1-a97f-43e4729e6785,product_images/A colorful toy shopping cart filled with miniature grocery items like fruits
726ebce4-fb0c-4b0a-96cc-9e3ddb87c90d,76e0a8cd-8bae-44c1-a97f-43e4729e6785,product_images/A bright and engaging kids' doctor playset
938b4aee-42d4-4085-a90b-9af2a2ab0896,4c8585b9-7bf6-4d0b-833d-d0480c87ab87,product_images/A vibrant toy fire truck with a working extendable ladder and flashing lights. Designed for kids who love emergency vehicle play.webp
0661c89b-e734-49f1-aea7-b5e274059f88,4c8585b9-7bf6-4d0b-833d-d0480c87ab87,product_images/A playful and colorful kids’ fishing toy set
0ead5853-c907-4139-bef6-ab83cb97299e,4c8585b9-7bf6-4d0b-833d-d0480c87ab87,product_images/A fun and interactive kids’ toy kitchen set
209fe9af-fce7-453f-a6fe-154047e72a71,3dba9507-e5bc-4abf-8ae1-848b7485cbba,product_images/A bright and engaging kids’ toolset
7c23823b-bfe6-4942-b3cc-227ea615ada2,b29f9f65-2393-473c-a2e8-fc27f57a465c,product_images/A fun and colorful kids’ musical piano toy
0aedcbe3-9d8e-403f-b935-b488a68d7d51,ddb5eb81-9b30-495d-ab3b-756e40adcf60,product_images/A colorful and engaging kids’ building block set
2a6c3d57-3880-4047-866a-6eaa37320c85,ddb5eb81-9b30-495d-ab3b-756e40adcf60,product_images/A fun and bright kids’ toy train set
692d25b2-3113-4f52-83e5-694b9e6f5577,ddb5eb81-9b30-495d-ab3b-756e40adcf60,product_images/A bright and engaging kids’ pull-along toy
d0114dde-9c67-4893-b4ed-19a77ee9cd8c,a4de9e4b-1a7e-407a-a3ed-e6ff315affe7,product_images/A fun and colorful kids’ stacking cup toy
12dd3c8c-6083-4bba-ba49-b21ee84d832e,a4de9e4b-1a7e-407a-a3ed-e6ff315affe7,product_images/A vibrant and fun kids’ puzzle mat
bdf4a180-2483-4562-8d10-02895f1fb440,6a01130c-8bf9-4b40-80bb-7a85647a6947,product_images/A cute and interactive kids’ plush animal toy
404029c2-7b6c-4ed6-93a4-ff4d969f6774,20994830-b9f1-4db9-bad6-f71c8f3e17f9,product_images/A colorful and engaging kids’ wooden abacus
51e18c82-d097-42a1-921d-db60ce547c62,20994830-b9f1-4db9-bad6-f71c8f3e17f9,product_images/A bright and interactive kids’ activity cube
e4fc2150-2478-4390-892f-446e43d98237,20994830-b9f1-4db9-bad6-f71c8f3e17f9,product_images/A fun and colorful kids’ pop-up play tent
cebb2c9e-f40b-455d-b16f-e01f822a3843,93762f69-312c-4fc4-a12f-31acf7ed695f,product_images/A playful and colorful kids’ water table
3c30963d-dc70-46f8-9a6b-01bad2982dfc,93762f69-312c-4fc4-a12f-31acf7ed695f,product_images/A fun and educational kids’ science experiment kit
413c1597-7c1b-445c-99ff-076dab8c136e,d8194529-2099-45be-8e26-05e188963cbb,product_images/A bright and engaging kids’ walkie-talkie set
0ca3cc41-c88f-43dc-9530-1ec630f67c65,770372d6-8491-4b08-b78c-a8ebdc5d412e,product_images/A vibrant and interactive kids’ electronic learning tablet
e07c712b-4d34-42ec-896d-7dcf86029571,f6a79d1c-349b-4ef3-8056-17c4035c8dcf,product_images/A fun and engaging kids’ gardening set
81c29183-ade2-4ae8-821e-e3062b9aa489,f6a79d1c-349b-4ef3-8056-17c4035c8dcf,product_images/A playful and interactive kids’ tool bench set
89dd9ad0-2e1e-489e-8ec1-cb7f01d22649,d0d0d984-5231-4aef-b123-dd30ab79d59a,product_images/A fun and colorful kids’ toy drum set
6e2c5758-dabd-45cd-af8f-86020b7be9b7,d0d0d984-5231-4aef-b123-dd30ab79d59a,product_images/A bright and interactive kids’ activity table
7a48594c-4747-4216-9574-0ea0983a35ed,d0d0d984-5231-4aef-b123-dd30ab79d59a,product_images/A high-tech remote control car with a sleek design
73473203-3ee3-46ef-982b-e8fb3871be3d,439ff915-2c0d-47fd-bcba-9d4bb6cd6fe7,product_images/A fun science experiment kit for kids
87c7c0ed-248c-4cea-a7c0-0ba193ccb167,439ff915-2c0d-47fd-bcba-9d4bb6cd6fe7,product_images/A fluffy stuffed animal
f20b1228-9998-4267-8716-0be170dcef8b,439ff915-2c0d-47fd-bcba-9d4bb6cd6fe7,product_images/A detailed science experiment kit featuring a volcano eruption model
3e5fd901-90e9-428e-a3aa-de47c2e967d9,d47014a4-8e22-4630-a8a6-27268bc9f834,product_images/A superhero action figure in a dynamic flying pose
eb76391d-e0b4-473b-9efa-33ee6b82526d,d47014a4-8e22-4630-a8a6-27268bc9f834,product_images/A thrilling Hot Wheels track set with loops
448ad629-77d6-40c4-bc39-4100fb045a1d,d47014a4-8e22-4630-a8a6-27268bc9f834,product_images/A toy foam dart blaster with a colorful and futuristic design
4581ba3d-ee84-4cd2-9944-199a8aef4450,60c7958b-e5a4-4fb9-8001-13fe8be558c4,product_images/A colorful toy kitchen set with a miniature stove
51b7057b-cf79-460b-b793-94b5604f8aef,60c7958b-e5a4-4fb9-8001-13fe8be558c4,product_images/A futuristic robot toy with glowing LED eyes
f90deffe-54ae-4970-8c22-777d1af0e22a,3b5c7bba-e2cd-44f3-a3a1-abca9c996672,product_images/A colorful dollhouse with multiple floors
341708f6-26aa-43bc-b6ff-12889329ec9b,3b5c7bba-e2cd-44f3-a3a1-abca9c996672,product_images/A classic Monopoly board game set up on a table with colorful game pieces
b0fe4294-d46b-4082-ab65-17c339eae90d,d7e49b4d-5784-4024-bb8b-834bc74e8394,product_images/A detailed and dynamic Superhero Action Figure
58872282-8bb4-4e5f-b400-597bc7410bba,d7e49b4d-5784-4024-bb8b-834bc74e8394,product_images/A charming and classic Wooden Train Set arranged on a circular track. The set features colorful wooden train cars
18dfc398-19bb-4c3a-b7ff-c09f2a77d7cd,35af4935-3235-4a33-8b6e-681a7dc542a7,product_images/A vibrant and detailed Monopoly Board Game setup
b5eec69c-4136-459d-9489-aba15c6635ed,35af4935-3235-4a33-8b6e-681a7dc542a7,product_images/A detailed and realistic Remote Control Helicopter in mid-flight
4530f952-3fda-46ed-b315-f754d540d6bf,1776e010-bf5d-45fe-aa11-0c27aa5568a1,product_images/A colorful and engaging Kids' Art Easel with a chalkboard on one side and a whiteboard on the other. The set includes markers
56981b2d-968e-46d1-b54f-ffd06ece9f3e,b46b5296-bfb6-4ade-858d-5a6556f8309a,product_images/A bright and fun Kids' Basketball Hoop Set
5d1f19c6-d0b1-4553-8207-b8acb1e5314a,3d72d7d6-e884-4ae9-abaf-2011e57f2788,product_images/A vibrant and playful Kids' Playhouse Tent
770440dd-9281-49aa-8670-120f9db98ead,3d72d7d6-e884-4ae9-abaf-2011e57f2788,product_images/A colorful and engaging Kids' Alphabet Learning Board
457d0699-69b5-4aa8-8f96-2379cd22d259,6f4b26e4-ea69-4842-8899-4399a678f0db,product_images/A bright and cheerful Kids' Toy Cash Register
f1b99583-3a37-4573-be65-7c78332ab0da,6f4b26e4-ea69-4842-8899-4399a678f0db,product_images/A fun and interactive Kids' Play Tool Bench
4ab86725-d752-4060-a51a-09123ea76112,b9717391-df44-478d-bc12-d709659bed62,product_images/A colorful and detailed Kids' Train Set featuring a locomotive
4f8f81a7-97d4-43b6-8bed-a9b00c535f6f,b9717391-df44-478d-bc12-d709659bed62,product_images/A bright and engaging Kids' Building Block Set
6927a1ba-1fd5-40d8-97f1-90a3ed1330d9,cb5c0872-50da-498c-b16c-fb20c5b9b84b,product_images/A vibrant and fun Kids' Toy Kitchen Set
f46be256-969e-4779-9abe-11dc26d47c7f,cb5c0872-50da-498c-b16c-fb20c5b9b84b,product_images/A playful and interactive Kids' Doctor Playset
78ec59ac-894d-43a4-a0f5-7ffed68b9895,1c25792f-d162-4df5-ad72-f89a33d90301,product_images/A colorful Fisher-Price toy set featuring interactive buttons
08ec237c-47fa-4ff3-9b68-35b9ed877090,1c25792f-d162-4df5-ad72-f89a33d90301,product_images/A sleek remote control car with LED lights racing on a track
dc4424da-58d6-4f92-94f5-fe977b9074ef,1c25792f-d162-4df5-ad72-f89a33d90301,product_images/A colorful toy foam dart blaster with a futuristic design
8093ec56-f46d-4b15-aabf-22361d1c3eef,61422852-a218-4181-85e4-503a5832f970,product_images/An exciting Hot Wheels track with loops
ee1c713a-6846-410a-9f46-c8f2fd60261c,61422852-a218-4181-85e4-503a5832f970,product_images/A fun puzzle game with colorful pieces scattered on a table
70e07ae6-10ff-4da6-af08-4f36953a4ba6,61422852-a218-4181-85e4-503a5832f970,product_images/A soft and cuddly plush teddy bear with a cute bowtie
2975ee64-4a40-4754-a08a-4b4510d77eed,279f2299-2105-4cfd-8d43-6bda18628cae,product_images/A realistic dinosaur toy with scaly texture
bc427ddf-e351-48a3-94e7-d3525192029a,13c8b3ea-46f7-453b-9123-1b658de29b9c,product_images/A futuristic robot toy with glowing LED eyes
f9212ccf-915d-49e4-a61a-f2c50a557c28,13c8b3ea-46f7-453b-9123-1b658de29b9c,product_images/A beautiful multi-story dollhouse with stylish furniture
4993c9e3-72ff-4429-9cbd-6319b5bfbb99,5cb73e5a-e02b-4e19-b0ca-9d0a38b1deeb,product_images/A colorful toy kitchen set with a miniature stove
2998689c-fd3e-46d6-8eb2-d05f4ae5a8b7,5cb73e5a-e02b-4e19-b0ca-9d0a38b1deeb,product_images/A classic Monopoly board game set up on a table with colorful game pieces
acb861c1-74d1-4640-8a4f-8c9eceee6fd1,4df89e82-0398-4ecf-a939-a089694006fa,product_images/A realistic dinosaur toy with scaly texture
68fdb791-803d-4ef8-bc86-95e0748c7092,4df89e82-0398-4ecf-a939-a089694006fa,product_images/A soft and cuddly plush teddy bear with a cute bowtie
f3658d5d-7be1-4a07-9b9c-dcabb327e6d7,fdc8341a-4a6a-43a8-b8cc-135d9487d8c4,product_images/A magical kit with a magician’s hat
17789c58-d7a6-4e6f-aade-0d1694b3a59c,bd713cf4-d451-4ec3-8a38-695b51e9bc17,product_images/A sleek remote control car with LED lights racing on a track
94076f92-c3b6-497d-80bc-dc8d992ae473,bd713cf4-d451-4ec3-8a38-695b51e9bc17,product_images/A beautiful multi-story dollhouse with stylish furniture
4bdb32a2-2a9d-417e-a197-2781e1239183,bd713cf4-d451-4ec3-8a38-695b51e9bc17,product_images/A fun science experiment kit for kids
75b588a6-7409-411b-af3a-1f60914394db,f0dd6481-41d4-43f8-88fd-42c1397f29d4,product_images/A classic wooden train set with colorful tracks
82153c39-aba4-4a94-a9fe-7df2ae38a385,457f395f-1a19-49e6-b454-600207ea64da,product_images/A set of collectible fantasy-themed trading cards with colorful artwork
a110bea4-5f32-41f6-acaa-43318c23f189,457f395f-1a19-49e6-b454-600207ea64da,product_images/A colorful toy foam dart blaster with a futuristic design
8156d123-3513-4b23-b562-b8d833edf610,457f395f-1a19-49e6-b454-600207ea64da,product_images/A futuristic robot toy with glowing LED eyes
9c69b0c4-c556-4e3d-8870-1c2fed8279fc,bb923f46-3d12-44d1-94a8-a15a86f8ee57,product_images/A detailed Transformers action figure in robot mode
20f2f7a2-9a3c-4553-ba0a-af2ee099efd7,9cd9b7b4-4acc-4d4b-a1de-0c3d3f9dba55,product_images/An exciting Hot Wheels track with loops
5da986ed-8117-42ae-9ffe-9fd3c5673622,9cd9b7b4-4acc-4d4b-a1de-0c3d3f9dba55,product_images/A fun puzzle game with colorful pieces scattered on a table
35069e13-86f0-4b47-b3e8-d0a4cf4852cc,9cd9b7b4-4acc-4d4b-a1de-0c3d3f9dba55,product_images/A soft and cuddly plush teddy bear with a cute bowtie
09a00f30-ac16-42ae-ae14-518ffe51ca8a,6c89a765-bed1-4c77-9720-6355f86a41a8,product_images/A realistic dinosaur toy with scaly texture
5242a16a-33c3-4531-bfa7-8a10ff2be7ee,7b55a043-e547-4ba1-80a0-0607f0d6f2a4,product_images/A magical kit with a magician’s hat
86237147-3073-4442-9381-b9775d3f77f5,8fe83bab-7490-4d73-9241-6bb51e78e27d,product_images/A superhero action figure in a dynamic flying pose
64b5113d-803b-4d3b-bbca-c1215a8592c7,8fe83bab-7490-4d73-9241-6bb51e78e27d,product_images/A soft and fluffy stuffed animal
af44b748-b38b-4da2-9199-2ccd98e9ea42,8fe83bab-7490-4d73-9241-6bb51e78e27d,product_images/A colorful toy kitchen set with a miniature stove
3ac4df25-93b9-4814-bcec-fe2771d6dbf4,dc80216f-eb61-45c8-a8f4-b8a4d0cd1608,product_images/A classic Monopoly board game set up on a table with colorful game pieces
edcbe9d8-3e9f-43ce-85aa-f703bcd8e5fc,dc80216f-eb61-45c8-a8f4-b8a4d0cd1608,product_images/A colorful Fisher-Price toy set featuring interactive buttons
2d2d951d-8f80-4ac4-9d35-834ca38fcfdc,6e5e4028-0648-416e-876c-06253216bff2,product_images/A LEGO City set with buildings
4d3f93d1-ee7c-4979-82b2-baf1f540f71d,6e5e4028-0648-416e-876c-06253216bff2,product_images/A Play-Doh set with multiple colorful cans of dough
87e74b35-d148-4a20-8975-8911350f9f61,bfd87209-894c-4139-b874-653e923c2770,product_images/A sleek remote control car with LED lights racing on a track
50e84623-a946-45b3-b693-51efb15dd395,00077fac-27b6-4f9d-9260-499f485c0852,product_images/A realistic dinosaur toy with scaly texture
0c4d5449-a697-46c0-8d8d-bdfb26423823,00077fac-27b6-4f9d-9260-499f485c0852,product_images/A fun science experiment kit for kids
2c35c5cd-ba6d-46e3-9c4a-77f0a51e63f3,7f913bc9-073f-48de-96fa-fd6998584b5a,product_images/A fun puzzle game with colorful pieces scattered on a table
cffb8b87-d57b-4fa9-82c1-414d18b39159,7f913bc9-073f-48de-96fa-fd6998584b5a,product_images/A magical kit with a magician’s hat
6d2e6626-7c88-4496-adaf-c1d1866ecd28,7f913bc9-073f-48de-96fa-fd6998584b5a,product_images/An exciting Hot Wheels track with loops
7afd61a5-fbc6-4efb-9189-0251e0252584,473b3470-0f83-4c2c-ad2a-ba932ac91e1d,product_images/A detailed Transformers action figure in robot mode
8e97fe84-21b5-4ebb-9a55-a5595cf6cf55,a5498b05-a89a-4dfd-bc13-f6013a03308c,product_images/A futuristic robot toy with glowing LED eyes
5a4cee15-3035-409e-a751-e25dbd42b780,a5498b05-a89a-4dfd-bc13-f6013a03308c,product_images/A set of collectible fantasy-themed trading cards with colorful artwork
3159d46e-a1b8-4836-a775-30518ba6e3e8,b37ac783-7cdc-4424-b899-937e926b97be,product_images/A classic wooden train set with colorful tracks
45b93c44-29f0-48b6-bb7b-c69e17c3dcc2,b37ac783-7cdc-4424-b899-937e926b97be,product_images/A colorful toy foam dart blaster with a futuristic design
957bd0f0-aae0-46be-85f8-a6ddf99572b4,b37ac783-7cdc-4424-b899-937e926b97be,product_images/A fun science experiment kit for kids
3be73403-5887-4f40-983f-585a2c78dc62,26cb6893-5e35-4f43-819d-0b077fa1b53f,product_images/A colorful Fisher-Price toy set featuring interactive buttons
d032b53e-bfd3-4fdf-97b3-1fccc12f4430,d34e0f81-c166-4a63-84a4-b21f7544f0f5,product_images/A soft and fluffy stuffed animal
42c9e43b-c944-488e-ac0b-811777edb220,b428538b-33fd-4afe-bac4-18276f8c105d,product_images/A classic Monopoly board game set up on a table with colorful game pieces
118e18ef-68c5-4b17-a8be-5f9dff951ffa,b428538b-33fd-4afe-bac4-18276f8c105d,product_images/A classic Monopoly board game set up on a table with colorful game pieces
688ea9cd-6b93-4f67-994b-bb71941ae412,052efb26-964b-459e-8be9-b545f6adb02f,product_images/A colorful toy kitchen set with a miniature stove
39df3dea-7a39-4576-8aaa-0f163bc732c2,e90b1d0d-6645-48d3-bb8d-aa437a10b91a,product_images/A soft and cuddly plush teddy bear with a cute bowtie
5b9ee3e7-d3a0-4619-bcbc-b6177c6a6420,1828c692-d19a-4cfd-9aee-b554bc80149f,product_images/A detailed Transformers action figure in robot mode
2c995aa0-3a06-45da-b265-6680f5eef42f,1828c692-d19a-4cfd-9aee-b554bc80149f,product_images/A superhero action figure in a dynamic flying pose
745b7762-13db-4fb2-9c3d-0ca68fd90e7e,1828c692-d19a-4cfd-9aee-b554bc80149f,product_images/A magical kit with a magician’s hat
4f4f080f-7726-4779-80fb-623af2f2d823,39df7967-886a-4b9e-a0c9-a3c780209c3d,product_images/A LEGO City set with buildings
70fb51f7-3410-4b0a-b696-d48e78cc8772,39df7967-886a-4b9e-a0c9-a3c780209c3d,product_images/A Play-Doh set with multiple colorful cans of dough
2dd2a67e-d4cf-490a-a98c-416a060fb24e,39df7967-886a-4b9e-a0c9-a3c780209c3d,product_images/A futuristic robot toy with glowing LED eyes
2bf39b03-14ae-44c3-a868-159ff7845fb7,158efb2c-bf67-43c4-bf84-6fd0a966e02e,product_images/An exciting Hot Wheels track with loops
6f5310e4-7e8f-49ee-beb5-47a917e0a941,158efb2c-bf67-43c4-bf84-6fd0a966e02e,product_images/A realistic dinosaur toy with scaly texture
fe6d3a42-ccca-405e-b63d-90cd8583a9a2,158efb2c-bf67-43c4-bf84-6fd0a966e02e,product_images/A fun science experiment kit for kids
5e1661d3-f301-4a70-a3df-57bca12323d3,c2ec6683-e8ab-4553-8dcb-caa589666665,product_images/A fun puzzle game with colorful pieces scattered on a table
2f95af7a-3cbc-44d3-b077-1c2bb41b8bfe,c2ec6683-e8ab-4553-8dcb-caa589666665,product_images/A colorful Fisher-Price toy set featuring interactive buttons
bc07c263-4501-4764-9e26-5b778ee4e38e,9e8652f3-358f-447b-a473-e89d624a8fb4,product_images/A sleek remote control car with LED lights racing on a track
ed7d56ef-a8f0-4018-a548-64f09194cf64,9e8652f3-358f-447b-a473-e89d624a8fb4,product_images/A colorful toy foam dart blaster with a futuristic design
f26976ef-d1c8-4782-be28-aaba6d2de2a8,9e8652f3-358f-447b-a473-e89d624a8fb4,product_images/A beautiful multi-story dollhouse with stylish furniture
7d37fd6e-27d6-414f-8bcc-f79d9875e578,dd5213b0-e019-4839-b027-c25ad0b7e7ff,product_images/A soft and fluffy stuffed animal
457d8d76-aef9-46ae-98fb-f14b9ba8ef1f,36ace00c-474b-4691-b449-07d56a68baf4,product_images/A set of collectible fantasy-themed trading cards with colorful artwork
cb85d46b-c8ff-400d-9557-956b37dd0a1a,36ace00c-474b-4691-b449-07d56a68baf4,product_images/A colorful toy kitchen set with a miniature stove
454f28a3-3ec5-4750-aea3-23c300010ff3,36ace00c-474b-4691-b449-07d56a68baf4,product_images/A classic wooden train set with colorful tracks
e5a688e0-daf5-4bbb-b366-568a860f0061,1fdd6fe1-dce7-4cd6-92f4-a018e0fd3547,product_images/A realistic Play-Doh set with multiple colorful clay containers
16fbdca0-82f7-4785-a816-56f565a5795b,2072283a-c015-4996-b18f-7f4dd9b30068,product_images/A realistic toy kitchen set designed for kids. It includes miniature pots
fc4f3abf-1a9f-4ef0-a140-4240b2a59ffe,2072283a-c015-4996-b18f-7f4dd9b30068,product_images/A realistic Hot Wheels race track with multiple loops and ramps. Small
b256a65d-70a8-4612-932b-baf193a073ad,2072283a-c015-4996-b18f-7f4dd9b30068,product_images/A realistic Play-Doh set with multiple colorful clay containers
f3daf034-60e3-464b-a145-734d8164a031,d42afce1-48e3-4972-a774-e27bfb1b1900,product_images/A realistic Fisher-Price toy set featuring colorful interactive elements like buttons
437dab58-4ff7-4570-87b6-d61ef22448df,d42afce1-48e3-4972-a774-e27bfb1b1900,product_images/A realistic family board game set displayed on a table. The set includes a colorful game board
1676b533-1c87-4194-98da-8372d438c6ad,05bd61a1-fce2-4bdc-ae61-4ebdf2763ae3,product_images/A realistic RC car set featuring a high-speed remote-controlled car with rugged tires. The set includes a remote control and charging accessories. The.webp
dbfd35b2-7b61-40bc-9e3f-18a94f734c0a,f2fc06d6-6aa6-46fc-9bfe-f5b1a55ce279,product_images/A realistic LEGO building set featuring a colorful construction with miniature bricks. The set includes small characters
8a683295-1768-4659-b294-bad05f97ef06,f2fc06d6-6aa6-46fc-9bfe-f5b1a55ce279,product_images/A realistic stuffed teddy bear with soft fur
6801f8ac-ed4b-4e55-b107-a0d301543f9c,75c243ab-3722-460e-9375-e5858ca88b2f,product_images/A realistic dollhouse set featuring a multi-story miniature home with furniture and tiny dolls. The house includes detailed rooms like a kitchen
af0c9047-6663-42bf-812a-8ae82edae8ec,75c243ab-3722-460e-9375-e5858ca88b2f,product_images/A realistic science experiment kit for kids
629600ef-1bd5-4e26-a6f6-083f0d7fe6ee,75c243ab-3722-460e-9375-e5858ca88b2f,product_images/A realistic musical toy set for kids
7ccd050a-f26d-470a-a3c4-148f89fe1dae,7830b64c-b0e9-42ce-ae1f-2971faf42715,product_images/A realistic remote-controlled drone toy designed for kids
23d0e607-9580-4cc8-802e-1f98eb65afc0,7830b64c-b0e9-42ce-ae1f-2971faf42715,product_images/A realistic toy train set featuring a detailed locomotive
bda54edf-65c7-41cf-8afc-2f3ab61f0528,7830b64c-b0e9-42ce-ae1f-2971faf42715,product_images/A realistic children's puzzle set featuring large
0e0e399d-894b-47e6-9eea-ce456a96e780,00cc2b97-d2c0-4ad8-8832-d243d575fc85,product_images/A realistic kids' art and craft set featuring colored markers
09a67dba-c7fd-4754-8ab0-a56bb03ccdbb,00cc2b97-d2c0-4ad8-8832-d243d575fc85,product_images/A realistic toy doctor playset for kids
79b6ed54-5959-453f-939a-99d4fdb0b941,d56c83fa-b8ba-406f-9d61-247daaf1ff89,product_images/A realistic remote-controlled robot toy with LED lights and interactive features. The robot is designed for kids
3203e225-ce58-44e6-9bcf-e04957d4106a,41e1d1fa-1b5e-4bd0-8779-59100a556966,product_images/A realistic toy tool set for kids
c0343b28-a2a9-464d-8017-8b30a05cb4a9,41e1d1fa-1b5e-4bd0-8779-59100a556966,product_images/A realistic magic trick set for kids
fbc653e8-1d11-4f0a-9150-83759ec64faa,41e1d1fa-1b5e-4bd0-8779-59100a556966,product_images/A realistic kids' camping playset featuring a toy tent
6f544d1e-004c-48bf-a335-c415932367fe,2066744b-34fe-41b3-8b4e-d24ebc8cd60f,product_images/A realistic toy farm playset featuring a colorful barn
dcf5508a-a11e-4eb8-aeff-28e74ef117a5,2066744b-34fe-41b3-8b4e-d24ebc8cd60f,product_images/A realistic space explorer playset for kids
617d3996-d8eb-4264-9652-038e1c195111,2066744b-34fe-41b3-8b4e-d24ebc8cd60f,product_images/A realistic kids' kitchen playset featuring a miniature stove
46658857-d022-4a90-93e9-1a20f6401d95,c9c5ec5e-16e5-449c-a318-f51cca338669,product_images/A realistic dinosaur toy set featuring various colorful dinosaur figurines
5f36f87f-f282-46eb-b767-0a82c540ce54,c9c5ec5e-16e5-449c-a318-f51cca338669,product_images/A realistic firefighter playset for kids
1868e31f-71c9-4f78-b593-8c7c1606d921,c9c5ec5e-16e5-449c-a318-f51cca338669,product_images/A NERF Blaster that is a great gift for children of all ages. Features soft foam darts
ebb2b752-80c7-4b16-a260-9568ca2b3110,40af0d2c-2fc4-4e3d-810a-c17a3d7c60b0,product_images/A Hot Wheels Track that is easy to assemble and store. Features thrilling loops
5e57caea-a6f4-40fc-88b7-b6e318c6dc64,40af0d2c-2fc4-4e3d-810a-c17a3d7c60b0,product_images/A Puzzle Game made from safe and non-toxic materials. Features colorful pieces that challenge and entertain children. Perfect for developing problem-s.webp
2e33004c-871f-4501-9abe-601e495d8ce2,23945ab1-5924-4704-935c-4615a0b717a0,product_images/A Plush Teddy Bear made from safe and non-toxic materials. Features soft fur
f735ea8b-4cbb-4f14-8bc2-5c3123987b98,23945ab1-5924-4704-935c-4615a0b717a0,product_images/A Dinosaur Toy designed for hours of entertainment. Features realistic details
1c7f7317-1fdb-4b85-8c8e-f57274eeb4b7,23945ab1-5924-4704-935c-4615a0b717a0,product_images/A Robot Toy that is perfect for imaginative play. Features bright colors
353f77b9-55da-4564-9ac0-30e28a3e71bb,99c50e4f-6756-445d-b4a1-21eafb5bf888,product_images/A Toy Kitchen Set that is high-quality and durable. Includes miniature utensils
4087ee46-0618-42b9-8708-0a13994c02ab,99c50e4f-6756-445d-b4a1-21eafb5bf888,product_images/A Wooden Train Set that is high-quality and durable. Features wooden tracks
5b491b2e-263d-48b6-afd4-a9d4aac7530a,99c50e4f-6756-445d-b4a1-21eafb5bf888,product_images/A collectible card game set featuring fantasy creatures. Includes colorful and unique cards with special abilities. Perfect for kids who love strategy.webp
f020ef13-b807-4b78-afa6-63966ca47ae5,49a26a50-fde3-4e4f-b26b-bb5a2024617e,product_images/A Children's Art Set that is high-quality and durable. Includes colorful crayons
db060545-8ea2-42f4-927f-b4ff9083e88a,49a26a50-fde3-4e4f-b26b-bb5a2024617e,product_images/A Remote Control Car that is high-speed and durable. Features sleek design
c3ca9198-9a53-4ec6-b17d-e6b2da333e6e,49a26a50-fde3-4e4f-b26b-bb5a2024617e,product_images/A Science Experiment Kit that is educational and fun. Includes colorful test tubes
514e43d9-cf44-4911-a7a6-8d5f9efd1d1b,0a762b38-a71e-41f4-bc8b-e8488462ffac,product_images/A Stuffed Animal Unicorn that is soft and cuddly. Features rainbow colors
8bf5937d-6967-4593-92bc-cfa5a14c0714,0a762b38-a71e-41f4-bc8b-e8488462ffac,product_images/A Kids' Building Blocks Set that is colorful and educational. Includes various shaped blocks that connect easily. Designed for kids who love creativit.webp
5bb6f609-005b-449e-bf90-74f271d9013b,0a762b38-a71e-41f4-bc8b-e8488462ffac,product_images/A Children's Musical Instrument Set that is fun and educational. Includes colorful drums
b060e118-a43c-4778-a19b-adcce0d5c686,aafb933f-cd36-4fa7-b553-5b8d30aed770,product_images/A Kids' Doctor Playset that is fun and educational. Includes a toy stethoscope
80df27b0-17ef-4cea-aabc-d423456aae67,484d0dd6-b5cb-43f1-b9d2-d7b2db496ab0,product_images/A Children's Camping Playset that is fun and adventurous. Includes a toy tent
e3384b72-a7aa-492b-9170-85e8adf7225b,5501acfd-48dd-42b9-a250-d9262b0a16ec,product_images/A Kids' Science Lab Kit that is fun and educational. Includes colorful test tubes
8e1d4beb-76e6-4924-bc31-c42fff07d240,8f37f35c-25c2-4f4c-be34-ede62a45996f,product_images/A Kids' Puzzle Set that is colorful and educational. Features various shapes
aa6fa6b9-7e32-4d71-9ec1-c4097986ff27,8f37f35c-25c2-4f4c-be34-ede62a45996f,product_images/A Kids' Tool Set that is fun and educational. Includes colorful toy hammer
6f3af9ac-7faa-4781-b542-bebf8cc9b2df,506d054a-c14f-44f4-b118-2b9af7e5cc33,product_images/A Kids' Magic Kit that is fun and exciting. Includes a magician’s hat
bfee8195-01fb-4eef-b4ac-27a787d8c6de,506d054a-c14f-44f4-b118-2b9af7e5cc33,product_images/A Kids' Adventure Play Tent that is fun and colorful. Features a lightweight
c905a045-df36-427a-91c4-76f7c1c461e5,506d054a-c14f-44f4-b118-2b9af7e5cc33,product_images/A Kids' Cooking Playset that is fun and educational. Includes colorful toy pots
7bcbf0de-f3c2-473c-ba2e-2f25794a55d1,7a36eae2-d62b-4b97-a23e-b19aede6e7f2,product_images/A Kids' Robot Toy that is interactive and fun. Features lights
fcfecf49-a626-435b-a1da-3ab91d00148e,82ce0503-1367-463f-adcb-58d27995fb49,product_images/A Kids' Sports Playset that is fun and active. Includes a mini soccer goal
7ce38f52-82c2-4f73-baf0-a1b471e87a73,82ce0503-1367-463f-adcb-58d27995fb49,product_images/A Kids' Firefighter Playset that is fun and adventurous. Includes a toy fire truck
ed857d54-224a-4753-9013-e2e731fa9cfd,82ce0503-1367-463f-adcb-58d27995fb49,product_images/A Kids' Space Explorer Set that is fun and educational. Includes a toy astronaut helmet
d7efc64a-62d3-4a6d-a304-920ae160ae00,0fb79b54-0c32-474e-a9f2-cf8e0185e328,product_images/A Kids' Gardening Playset that is fun and educational. Includes colorful toy pots
1ff4687a-1fe2-4097-9a20-598e1821e840,5186d9f8-88f1-409b-a3a3-ec879af7a36f,product_images/A Kids' Detective Playset that is fun and adventurous. Includes a toy magnifying glass
52d89684-1563-4dd8-a3c2-7ea1336294af,5186d9f8-88f1-409b-a3a3-ec879af7a36f,product_images/A Kids' Pirate Adventure Playset that is fun and exciting. Includes a toy pirate ship
0350b7a7-51f9-444a-9dda-1d434a798886,22b9ca9b-ecd0-426c-af58-bb6accb1b62c,product_images/A Kids' Train Adventure Set that is fun and interactive. Includes a colorful toy train
c651a4c7-d526-48b4-8db4-a1a68fa7e44f,743967bc-4221-4004-8b4b-8239468b7087,product_images/A Kids' Construction Playset that is fun and engaging. Includes toy construction vehicles
ce4b729d-8cc3-48bf-8436-b0c970a7101b,ddd44f6b-39df-4c7d-b8fc-9da2386f2e8f,product_images/A Kids' Superhero Dress-Up Set that is fun and exciting. Includes a cape
80190387-9d12-4413-b355-f2a5a58733d1,ddd44f6b-39df-4c7d-b8fc-9da2386f2e8f,product_images/A Kids' Animal Safari Playset that is fun and educational. Includes toy animals
e7f44fce-c50f-4919-870c-b4e0581ef00e,82b9770e-7437-4e5f-9543-514d3bfac825,product_images/A Kids' Space Adventure Playset that is fun and imaginative. Includes a toy spaceship
c9f203ac-198f-4b4b-90c9-565dbed4c56f,099c8c77-ef7e-468f-83c7-b89e0c171a0e,product_images/A Kids' Castle Playset that is magical and fun. Includes a toy castle
3efe4d33-849b-4172-93f4-dd5c92952ae5,099c8c77-ef7e-468f-83c7-b89e0c171a0e,product_images/A Kids' Dinosaur Adventure Playset that is fun and educational. Includes toy dinosaurs
1272f11e-c4cc-473e-becb-3f7e1e7aacc2,099c8c77-ef7e-468f-83c7-b89e0c171a0e,product_images/A Kids' Farm Animal Playset that is fun and educational. Includes toy farm animals
8627e450-bde5-42a7-9ff1-cd0b0ddb2770,9a507bde-7098-4082-b114-be3adebaebc8,product_images/A Kids' Fairy Tale Playset that is magical and enchanting. Includes a toy castle
650ae500-ee4d-4ca1-8308-f8919a3da406,4c83e7bf-f0f1-4190-a224-b2e65c910afc,product_images/A Kids' Ocean Explorer Playset that is fun and educational. Includes toy sea animals
67a8e3bb-5713-4e26-af1b-1e11daf571d1,4c83e7bf-f0f1-4190-a224-b2e65c910afc,product_images/A Kids' Medieval Knight Playset that is adventurous and fun. Includes a toy castle
9b3f3fe5-7c93-4fe7-a550-4a80a9ecd5dd,4c83e7bf-f0f1-4190-a224-b2e65c910afc,product_images/A Kids' Space Shuttle Playset that is exciting and educational. Includes a toy space shuttle
95aefdf9-2211-43c5-81f9-6f1e6c60f7e8,bf62ecf3-7edc-4d30-87c3-627e15e0f306,product_images/A Kids' Farm Tractor Playset that is fun and educational. Includes a toy tractor
b8dd35e7-a8e7-4570-bbb6-f714306a284f,bf62ecf3-7edc-4d30-87c3-627e15e0f306,product_images/A Kids' Police Officer Playset that is fun and adventurous. Includes a toy police car
08a85bf6-f513-45fa-97b5-eea64ad4d12e,8c59066c-117b-4fbb-83ff-2096d01dedf9,product_images/A cute stuffed animal
b49100cd-a776-47d0-b816-791b77d5c46e,8c59066c-117b-4fbb-83ff-2096d01dedf9,product_images/A colorful toy kitchen set with miniature utensils
109a263b-d8d3-4080-80bd-ae9604cc7419,8c59066c-117b-4fbb-83ff-2096d01dedf9,product_images/A stylish and elegant dollhouse with multiple rooms
ec39bf21-bd46-4223-8d07-bc6764d25f89,9e7546ba-dd02-42e4-b0fa-f8f1ef854b42,product_images/A classic board game set with a colorful game board
36ec4bb4-ea46-4656-964f-e316795a7258,b5b9f542-fd4f-4ca9-82de-8922cb305064,product_images/A realistic and detailed dinosaur toy
fd766a03-17f1-4c32-9276-adbc7fa2528d,3d57e1cd-534e-410f-baf4-ad6c2f1c47fa,product_images/A fun and engaging magic kit for kids
37e010c5-c0eb-4dd6-9280-f6ca93d4cfc9,3d57e1cd-534e-410f-baf4-ad6c2f1c47fa,product_images/A futuristic robot toy with LED lights
b2b152af-e1c1-4ecf-97c7-829e6dcd7bee,e400fcd3-7f9b-4578-9f5a-4801d815ec6f,product_images/A dynamic superhero action figure with a colorful costume
83afd028-afb7-46a4-b3ea-e00b46acf3a0,e400fcd3-7f9b-4578-9f5a-4801d815ec6f,product_images/A magical kids' playset with wands
0b845f8d-5a16-4bff-bed5-30cd59ffb785,e400fcd3-7f9b-4578-9f5a-4801d815ec6f,product_images/A magic kit for kids with a magician's hat
dceaeeb1-7afc-440f-84c9-3d4e356f61b5,589458bf-8db0-4d2a-bd1d-b5c6f260105b,product_images/A soft and cuddly plush teddy bear with a cute ribbon around its neck. Perfect for imaginative play.webp
dfb78280-9837-4d88-86d0-790d37fdb10b,589458bf-8db0-4d2a-bd1d-b5c6f260105b,product_images/A colorful and challenging puzzle game with multiple pieces forming a beautiful image. High-quality and durable.webp
395ba8a3-e29d-4312-982c-2b0ae4c5a42b,f52701ed-f378-4fd8-96c8-11bca15dec39,product_images/A detailed superhero action figure with a dynamic pose
5f790cfc-15a2-47d8-96de-e9579ffca14c,f52701ed-f378-4fd8-96c8-11bca15dec39,product_images/A science experiment kit for kids with test tubes
952cbb6c-ba9e-4a7b-bd7a-9cb42ef09101,f52701ed-f378-4fd8-96c8-11bca15dec39,product_images/A soft and cuddly stuffed animal with a cute expression
c76dc3bd-31c0-49b5-9f04-82cdccf13f50,22dcfd60-9c27-4a8c-84ae-af376cb65e1a,product_images/A fun and engaging dinosaur toy for kids
9a454302-b266-44dc-ae4b-c84ab6996877,3b93d3a3-ff4c-4e9f-8d8c-011aefd5c703,product_images/A classic Monopoly board game set with a colorful game board
303da009-f993-4c2a-821d-3a98595d79c8,3b93d3a3-ff4c-4e9f-8d8c-011aefd5c703,product_images/A magical kids' playset with wands
73d1f1c4-2784-4fec-b8cd-ff94e82ca916,3b93d3a3-ff4c-4e9f-8d8c-011aefd5c703,product_images/A soft and cuddly plush teddy bear with a cute ribbon around its neck. High-quality and perfect for snuggling.webp
4538f7a4-3f04-4059-a1b8-0e59230adc2a,d5833632-6f7f-4114-9f7f-7df6eabf225e,product_images/An interactive and fun educational toy set for kids
57e403a8-37e5-4c1b-a85b-5e3a4899681b,d5833632-6f7f-4114-9f7f-7df6eabf225e,product_images/A colorful race car toy set with miniature cars
911f7cb1-a37c-4bdb-86fc-350ee747563a,4dece379-8f1d-4f0f-8934-e3421775339e,product_images/A creative arts and crafts kit for kids with colorful paper
588fc129-59e6-4ba5-88a0-5ed25bbd85c6,4dece379-8f1d-4f0f-8934-e3421775339e,product_images/A colorful children's building block set with various shapes and sizes. Perfect for imaginative construction play.webp
83329716-6aa1-4e5d-beae-d83b7f18e3fe,177ce9a4-8e9a-49b5-9aec-31fb59ebf2a0,product_images/A classic wooden train set with colorful tracks
9dbd3482-2438-43c3-b7ea-f063d0539b2f,177ce9a4-8e9a-49b5-9aec-31fb59ebf2a0,product_images/A fun and engaging magic kit for kids with a magician's hat
c89eb8a4-d179-4174-b867-6ef8a39babcb,4eab5bbd-ad23-4ace-8b5e-2c976d968b2a,product_images/A high-quality product image of a Toy Robot. Designed for interactive play and encourages problem-solving. Categories_ Robots
01d52daf-c705-4069-9305-12d8618f7516,4eab5bbd-ad23-4ace-8b5e-2c976d968b2a,product_images/A high-quality image of a colorful card game set designed for children. Features vibrant artwork and neatly organized cards in a box. Suitable for an .webp
6139515a-80b8-4a04-963d-854a18ee63c5,e5c7bdad-a538-4033-9179-3947c6e975df,product_images/A high-quality image of a LEGO City building set. Features miniature buildings
db644579-627d-4360-9a7e-a75b53558fa3,e5c7bdad-a538-4033-9179-3947c6e975df,product_images/A high-quality image of a robot toy designed for children. Features colorful lights
94c0a60a-ebda-4013-b5c6-fc5feed9e64e,ee187f8d-32ca-4b9c-aaf6-d00b901a4134,product_images/A high-quality image of a Monopoly board game. Includes a colorful game board
b7e57ec1-0c7b-4cce-92f8-13aaff4ef905,ee187f8d-32ca-4b9c-aaf6-d00b901a4134,product_images/A high-quality image of a colorful racing car toy designed for children. Features sleek design
a22a38fe-9a54-4e4e-853f-d35b63a2b98f,ee187f8d-32ca-4b9c-aaf6-d00b901a4134,product_images/A high-quality image of a plush teddy bear toy. Features soft brown fur
b7003abf-c0a9-4bf6-a672-333b3a6adb84,0fb417ff-b755-4ce6-9c09-b5fca5c49788,product_images/A high-quality image of a remote-controlled helicopter toy. Features sleek design
bb69f8d5-6c0d-4eaf-a853-2877e5f47797,d8d40378-df83-430c-bdb6-045da8f9f107,product_images/A high-quality image of a colorful building blocks set for children. Includes various shapes and sizes in bright colors
7290856f-c50d-4e8d-8279-e8dd5d3dc9d9,d8d40378-df83-430c-bdb6-045da8f9f107,product_images/A high-quality image of a children's puzzle set. Features colorful interlocking pieces forming a fun animal picture. Perfect for an e-commerce website.webp
0dcdcfd6-032a-41c6-864a-06586ae8a9eb,bb6ca94a-52d3-4301-a758-0e0fec470bab,product_images/A high-quality image of a toy train set for children. Features a colorful locomotive with attached carriages on a circular track. Perfect for an e-com.webp
7b476189-fe84-49e8-9571-eaa2a6745361,cecf7642-e057-4fa1-bdcc-c8d06d057837,product_images/A high-quality image of a kids' art and craft kit. Includes colorful markers
43ea7648-de4d-4151-82d0-4868a74c55ea,cecf7642-e057-4fa1-bdcc-c8d06d057837,product_images/A high-quality image of a toy drum set for children. Features colorful drums
75dc7014-ee03-4610-ae26-2815e11c0b23,cecf7642-e057-4fa1-bdcc-c8d06d057837,product_images/A high-quality image of a children's kitchen playset. Includes miniature utensils
35f253d3-1a1f-4bca-8edd-37d1101ea838,16cc4614-e394-4679-adaa-cb6ec17d0e57,product_images/A high-quality image of a remote-controlled car toy. Features a sleek design with bright red and black colors
88bca763-8513-41a6-b8af-5409b97358ee,16cc4614-e394-4679-adaa-cb6ec17d0e57,product_images/A high-quality image of a children's dinosaur figurine set. Features various colorful dinosaur models like T-Rex
63257ba7-3321-4803-b1ce-ac7fc5e4fcc6,16cc4614-e394-4679-adaa-cb6ec17d0e57,product_images/A high-quality image of a children's basketball hoop set. Features a colorful adjustable hoop with a small basketball
86a043f3-fbdd-48d3-9326-0c22b5de6a86,88d178e3-46a3-4d1b-a132-3ffc5e6c6bc0,product_images/A high-quality image of a children's science experiment kit. Includes colorful test tubes
261284cd-5d9c-43e7-ae4f-ee4a16bb8ebd,8d23b81f-eac2-44fb-a852-6db62d555dfe,product_images/A high-quality image of a children's magnetic building tiles set. Features colorful geometric tiles arranged in creative 3D structures
da5e1838-fea7-43e2-9d2d-da3fc842328d,8d23b81f-eac2-44fb-a852-6db62d555dfe,product_images/A high-quality image of a children's race car track set. Features colorful tracks with loops and ramps
64f1ac0f-e0a1-4979-b5b8-b8cff7636455,5e6b5181-661b-4891-bdc4-fbce27eeb276,product_images/A high-quality image of a children's fairy tale book set. Features colorful illustrated covers with magical characters like fairies
ef229512-e93e-4a07-adfe-31eba1329a2a,59336a97-0f4a-4a3d-85f5-a2cdaa7358cd,product_images/A high-quality image of a children's sandbox playset. Features colorful sand molds
e636b570-5cb1-423a-b188-fbcaccdfcc81,59336a97-0f4a-4a3d-85f5-a2cdaa7358cd,product_images/A high-quality image of a children's musical instrument set. Includes colorful maracas
ecb13073-249c-4425-bb6c-b701f7ec5240,e3386657-a5da-41b2-8efd-8910704ca425,product_images/A high-quality image of a children's pirate ship toy. Features a detailed ship with sails
47631aab-0bb6-4e77-8991-56a92ddedfc4,e3386657-a5da-41b2-8efd-8910704ca425,product_images/A high-quality image of a children's farm animal figurine set. Features detailed models of cows
30b6399b-9b22-4890-9395-c1f735c8924a,f08737f8-929c-495c-985d-bec436d404f2,product_images/A high-quality image of a children's space exploration playset. Includes toy rockets
82dafec4-d71f-439e-a4ac-6a3daeaa9501,d623432f-a127-4fda-9cbc-2662f36f9d18,product_images/A high-quality image of a children's kitchen cooking playset. Includes miniature pots
8cd2398d-a86c-49cf-a596-9d1f027ae74d,d623432f-a127-4fda-9cbc-2662f36f9d18,product_images/A high-quality image of a children's firefighter playset. Includes a toy fire truck
e967b6dc-2efa-4c13-99cb-738ae9f28948,d623432f-a127-4fda-9cbc-2662f36f9d18,product_images/A high-quality image of a children's dinosaur excavation kit. Includes a digging tool
33fba6c9-ce7d-427f-8202-5a5996b6a715,9e4ec5b5-4512-4a8d-a919-ccbd2b27168a,product_images/A high-quality image of a children's magic trick set. Includes magic wands
856e3e41-b578-4ead-8eaa-4d3b7c0eb03b,8f655e2c-942b-4c6e-9ae1-c3dfd6d668e8,product_images/A colorful and engaging puzzle game with interlocking pieces
c9a8369e-eeae-4192-ad53-983da6698851,8f655e2c-942b-4c6e-9ae1-c3dfd6d668e8,product_images/A detailed LEGO City set with miniature buildings
bcf3ab29-4ba3-4c1a-b26b-5415a8fa2253,8f655e2c-942b-4c6e-9ae1-c3dfd6d668e8,product_images/A colorful and engaging puzzle game with interlocking pieces
38465a46-353e-460b-8b26-925818358938,670d3e6d-0cd9-4633-9d63-57dcba994466,product_images/A cute and cuddly stuffed animal
5a6b8813-aee7-497d-a8d8-44258fe83935,670d3e6d-0cd9-4633-9d63-57dcba994466,product_images/A cute and cuddly stuffed animal
c84c5931-8c6f-47c5-9df8-a8db7d8c0395,670d3e6d-0cd9-4633-9d63-57dcba994466,product_images/A colorful toy kitchen set for children
b6ddcb6c-fa1a-4566-9266-6c3c8d17313d,eb68eae6-60e7-4779-99f6-e6ff42145f03,product_images/A classic wooden train set with interlocking tracks and colorful train cars. The set includes bridges
87c64da7-89b7-4c53-89a6-fccbd79bd883,12746674-a439-4e53-b2c7-dc3759d01467,product_images/A fun and mysterious magic kit for kids
aceffd12-3465-4c76-a94d-9535626be367,39aa1e48-68b7-4b95-9f45-3c73adc54548,product_images/A generic trading card set featuring colorful and collectible fantasy-themed cards. The set includes holographic and rare cards
3b791853-9ead-4121-a4f3-6b53ade99a07,39aa1e48-68b7-4b95-9f45-3c73adc54548,product_images/A futuristic robot toy designed for kids. The robot features LED eyes
25f216da-d1a3-4904-979d-d1c7f7998d83,75d3e8a5-631a-4d6e-8481-444de568ff60,product_images/A charming and colorful dollhouse with multiple floors
3b9b582f-d5f2-409f-9c0b-40890be0b77f,75d3e8a5-631a-4d6e-8481-444de568ff60,product_images/A futuristic and detailed robot action figure inspired by transforming robots. The figure features mechanical joints
2b750cba-f40f-454f-a70d-138769cd9656,75d3e8a5-631a-4d6e-8481-444de568ff60,product_images/A detailed LEGO City set with miniature buildings
f9779ad4-f81a-4510-bb3e-796bde9662f3,7574bda0-f55f-422f-86a1-c2c9f0c6f247,product_images/A colorful toy kitchen set for children
62c2b89c-0bbd-4b20-9ab9-b686082b2531,e1a1b2c9-996c-4d45-8778-160808b26bf6,product_images/A high-speed Hot Wheels race track with multiple loops
63b65da8-4034-4eeb-bf64-99d38dca7403,856e935f-3aff-4ae9-a5c9-0e1358344dcf,product_images/A sleek and fast remote control car with large wheels and a stylish aerodynamic design. The car is racing on a track
3ca4f4a9-6a91-496a-b070-4c89df7304fa,d3cb18d9-0d67-4df9-8488-6baf7e3aa121,product_images/A realistic and detailed dinosaur action figure
7b553d06-9917-41e1-82e1-1abf37216861,d3cb18d9-0d67-4df9-8488-6baf7e3aa121,product_images/A vibrant and fun playdough set for kids
e45342a5-8d93-4944-b63c-b878bbe4f239,b344eda0-bf20-46c7-b255-0c8983cb3ebd,product_images/A colorful xylophone toy for kids
5405c181-319c-4a6f-b859-7648679b16b8,b344eda0-bf20-46c7-b255-0c8983cb3ebd,product_images/A fun and educational globe for kids
15f28108-6062-4478-ba95-877f15eb9a12,b344eda0-bf20-46c7-b255-0c8983cb3ebd,product_images/A colorful and engaging stacking toy for toddlers
de1b85f2-79d8-44db-a3e2-c5187b7237af,a902621c-302b-4ea5-86e5-bf7897d13a04,product_images/A fun and interactive toy cash register for kids
c70094ff-8447-46b6-ba21-a7a488bb4ee2,a902621c-302b-4ea5-86e5-bf7897d13a04,product_images/A colorful and engaging bead maze toy for toddlers
9ca960f5-d2c8-49ac-ab07-1f30082dd238,a902621c-302b-4ea5-86e5-bf7897d13a04,product_images/A fun and colorful kids’ bowling set featuring lightweight plastic pins and a small bowling ball. Designed for indoor and outdoor play
d2bc0256-90f5-4305-9bfb-e87973849ff0,121775f6-e9a2-47a4-a9de-5ee928db557f,product_images/A bright and engaging fishing game for kids
c51652df-b8e2-48e3-8ea9-5a85a78e03b6,121775f6-e9a2-47a4-a9de-5ee928db557f,product_images/A fun and interactive whack-a-mole toy for kids
0492150a-b4ef-4162-9e8d-32185440abcc,7963c305-3cea-429f-8cab-df40ffedd5d3,product_images/A bright and colorful ring toss game for kids
be0959bf-8807-4cd2-8c9d-1ba27513627d,7963c305-3cea-429f-8cab-df40ffedd5d3,product_images/A small
abc590a8-fc7c-4b5a-94cd-776269fec3e9,7963c305-3cea-429f-8cab-df40ffedd5d3,product_images/A classic wooden shape sorter toy for toddlers
627f41a1-9973-4cc0-892c-90a4478fdf5c,ce7946c8-68c0-4887-b42d-9eb1460bd1b8,product_images/A set of soft
ee310441-5051-4d7c-996b-957cc9ca7712,819ca2b0-e981-42b8-88cb-03fca767883c,product_images/A fun and bright kids’ microphone toy
048a0f1f-73af-4e8d-bdd9-943a823ec0e3,0e2f2821-123e-40ce-aec3-e7a7c7a2a4f7,product_images/A colorful toy shopping cart filled with miniature grocery items like fruits
1d56b0cd-d969-4862-a808-86de45d9aa26,0e2f2821-123e-40ce-aec3-e7a7c7a2a4f7,product_images/A bright and engaging kids' doctor playset
4d7da39d-2947-4768-a50d-c13ba2472b15,d72e9989-4c74-4c4d-a86e-3d1cd2cafcba,product_images/A vibrant toy fire truck with a working extendable ladder and flashing lights. Designed for kids who love emergency vehicle play.webp
83218fc6-c1d9-4440-8079-339cfe39c9c0,81d3d397-8996-4f21-b466-fa40cb7c6d86,product_images/A playful and colorful kids’ fishing toy set
ce0a9617-6c1c-4037-9674-210bae7e39a9,53531969-eee5-4c81-bf3c-69ddde905ffb,product_images/A fun and interactive kids’ toy kitchen set
ef7d3737-30f1-429f-8c05-9b463da733d7,53531969-eee5-4c81-bf3c-69ddde905ffb,product_images/A bright and engaging kids’ toolset
3538883f-998a-404f-84c9-7deee3149995,15c07e38-30cd-4ad3-9662-f1f472b0e139,product_images/A fun and colorful kids’ musical piano toy
0cec514a-c558-4402-9bff-8ad68dbf16f1,15c07e38-30cd-4ad3-9662-f1f472b0e139,product_images/A colorful and engaging kids’ building block set
e1d5f3c4-52db-4a5a-aa62-ad949dd1d128,b44f012e-44e8-4138-8e32-ca9aaad6216f,product_images/A fun and bright kids’ toy train set
68693413-2571-4cfd-98a9-a55739bcd90e,b44f012e-44e8-4138-8e32-ca9aaad6216f,product_images/A bright and engaging kids’ pull-along toy
2bbac1d9-1508-4e8d-a48e-0feaeecb682e,28b8da85-1f8c-4756-9af4-e2c874acb4a5,product_images/A fun and colorful kids’ stacking cup toy
4b81ad8a-2068-40a2-bfd5-bbc14c5ef0a8,28b8da85-1f8c-4756-9af4-e2c874acb4a5,product_images/A vibrant and fun kids’ puzzle mat
fbc10f42-967c-445b-a52e-eb59fb2c8e32,6ed85604-dbc1-44fc-a684-a82d0c85a42f,product_images/A cute and interactive kids’ plush animal toy
8f037254-8069-4fd8-a558-6061d0906684,b59a5eb6-9944-42a4-98d2-7eb965a56c80,product_images/A colorful and engaging kids’ wooden abacus
1a468d42-0955-4854-8e89-157691c2c4fd,b59a5eb6-9944-42a4-98d2-7eb965a56c80,product_images/A bright and interactive kids’ activity cube
a0f2837c-72e9-46f5-950a-b0fe4a1eacd9,583fd82a-4991-49ca-b1f5-a2bd173e2a2c,product_images/A fun and colorful kids’ pop-up play tent
b1babe54-ed7f-435f-9441-668baf3cf13d,583fd82a-4991-49ca-b1f5-a2bd173e2a2c,product_images/A playful and colorful kids’ water table
3f0008ae-b08a-4dd0-8e1d-8f875c053bb4,e08b8b4d-3ad5-43a6-ba3f-6871a37a3154,product_images/A fun and educational kids’ science experiment kit
c0540937-42bf-469a-8863-62627a238a6c,e08b8b4d-3ad5-43a6-ba3f-6871a37a3154,product_images/A bright and engaging kids’ walkie-talkie set
246c51f7-3302-4f18-bed7-5a7d868b0b8d,1ed0a16d-0293-43fb-b5ba-ccab8ee97b4c,product_images/A vibrant and interactive kids’ electronic learning tablet
4679d95e-3a48-4e9a-a7a1-45c5eca407ba,34296704-a1e0-476c-bc5c-2fe8a3c2c14b,product_images/A fun and engaging kids’ gardening set
37f28668-fe2c-4326-9e6b-4b30801777f2,34296704-a1e0-476c-bc5c-2fe8a3c2c14b,product_images/A playful and interactive kids’ tool bench set
0f8d51c4-f237-48dc-9298-0821465f371b,3c3df2ef-39ce-47e9-8840-d9148faa732a,product_images/A fun and colorful kids’ toy drum set
d8a9485c-c65b-4c82-9bf3-4cd30e57ba73,3c3df2ef-39ce-47e9-8840-d9148faa732a,product_images/A bright and interactive kids’ activity table
7583ddd3-25e9-4d08-a172-db2daf51b973,cd5aa0b4-da9c-4384-83c5-2bcda374cbae,product_images/A high-tech remote control car with a sleek design
9956913d-55f6-4165-9892-a7de51229f9d,cd5aa0b4-da9c-4384-83c5-2bcda374cbae,product_images/A fun science experiment kit for kids
5b5869d3-26b9-4067-8385-80954d6b6750,a6272170-485d-4884-885d-da09311f3b6b,product_images/A fluffy stuffed animal
172575f0-07df-478b-bebe-fdeb53e1245f,241c00fc-59cc-4c17-b79c-916fc3819bd0,product_images/A detailed science experiment kit featuring a volcano eruption model
e31f4c03-6f5f-45a0-a751-2e6bf530bc66,904a345a-06aa-4609-ba8d-411b1369dd51,product_images/A superhero action figure in a dynamic flying pose
961971b7-7630-46ae-af90-8f707180384c,9446a6da-ff58-4eb8-9da4-21c039b6e476,product_images/A thrilling Hot Wheels track set with loops
98079fdb-0066-4473-ab55-7509d1f9cc7b,9446a6da-ff58-4eb8-9da4-21c039b6e476,product_images/A toy foam dart blaster with a colorful and futuristic design
556f4444-38bc-4a06-b91a-74d541daaee9,9446a6da-ff58-4eb8-9da4-21c039b6e476,product_images/A colorful toy kitchen set with a miniature stove
e06978d7-a715-4427-985c-63257b0bc205,7c3ab4a3-466f-4ad7-9119-e113bf26ebdf,product_images/A futuristic robot toy with glowing LED eyes
f3b6bfca-0b60-4741-8e74-5e7e34601ee7,7c3ab4a3-466f-4ad7-9119-e113bf26ebdf,product_images/A colorful dollhouse with multiple floors
6a24182c-72ff-48dd-b395-e7a500da79b2,f95696a6-9d52-4faf-9cea-ed0c69a8eb34,product_images/A classic Monopoly board game set up on a table with colorful game pieces
c0b563e6-8ab9-442e-8177-bd7db55a62bf,c38ddaee-ad99-450f-9313-7a444d76a79c,product_images/A detailed and dynamic Superhero Action Figure
10cb8b1d-9fa7-4e59-8abd-771cb9f21f8b,dee7c151-88b3-4f94-adf2-7fe37fff9229,product_images/A charming and classic Wooden Train Set arranged on a circular track. The set features colorful wooden train cars
b2124a15-6e40-40b2-82a3-54e157994af9,dee7c151-88b3-4f94-adf2-7fe37fff9229,product_images/A vibrant and detailed Monopoly Board Game setup
1172a51f-b435-45f5-be61-5ae6c9be0d4a,dee7c151-88b3-4f94-adf2-7fe37fff9229,product_images/A detailed and realistic Remote Control Helicopter in mid-flight
97f017fb-5ba0-4c6e-8fb7-34f512904539,2bb9cb41-6d80-4a88-bae6-30ebc6c3e86c,product_images/A colorful and engaging Kids' Art Easel with a chalkboard on one side and a whiteboard on the other. The set includes markers
078f90bb-37a6-44dd-ba3a-d6aa50b6ff15,2bb9cb41-6d80-4a88-bae6-30ebc6c3e86c,product_images/A bright and fun Kids' Basketball Hoop Set
c1e24909-2c42-4bf1-b034-3eebedfb99e3,2bb9cb41-6d80-4a88-bae6-30ebc6c3e86c,product_images/A vibrant and playful Kids' Playhouse Tent
be021437-51dc-4be0-8dae-7b7821a7e2d7,f55c7703-3b71-47fb-ba3e-52a376b45703,product_images/A colorful and engaging Kids' Alphabet Learning Board
59462117-b3cb-452d-8b6b-45127c346c93,f55c7703-3b71-47fb-ba3e-52a376b45703,product_images/A bright and cheerful Kids' Toy Cash Register
77bb839f-c9a8-459c-9b1b-7afaf9424468,f55c7703-3b71-47fb-ba3e-52a376b45703,product_images/A fun and interactive Kids' Play Tool Bench
00186c9f-000a-4144-a2f8-28d03c939d90,1a10d65f-a98c-4e33-89d8-c7cce1ca2a28,product_images/A colorful and detailed Kids' Train Set featuring a locomotive
4d7adcdd-e11b-4e00-812d-5e66ab3bf6a1,1a10d65f-a98c-4e33-89d8-c7cce1ca2a28,product_images/A bright and engaging Kids' Building Block Set
d7e8efe5-3182-42ea-aa09-bb7c9444b328,1a10d65f-a98c-4e33-89d8-c7cce1ca2a28,product_images/A vibrant and fun Kids' Toy Kitchen Set
42321e17-082f-488c-b5a1-9c48a03cb65b,adb30ef1-17fc-4b7e-b6ed-efb91fdc82c4,product_images/A playful and interactive Kids' Doctor Playset
95a51bbe-6a13-4c15-b2f1-69dc7209b021,b9d8fa7b-e28d-4750-b8c2-db130f3ccd4d,product_images/A colorful Fisher-Price toy set featuring interactive buttons
112bd9ce-bd1a-4d0c-abbd-a79d9678f0f4,b9d8fa7b-e28d-4750-b8c2-db130f3ccd4d,product_images/A sleek remote control car with LED lights racing on a track
3616ed47-b31e-4a5c-bcfb-e8a9d9e165a7,b9d8fa7b-e28d-4750-b8c2-db130f3ccd4d,product_images/A colorful toy foam dart blaster with a futuristic design
3f09fc8e-f109-484d-aa90-5dcd1c28d52d,e6f7e0a0-038b-4a88-9ccd-9b8b6d10a356,product_images/An exciting Hot Wheels track with loops
a5a71a94-a67b-4748-8832-ff810c185b1b,e6f7e0a0-038b-4a88-9ccd-9b8b6d10a356,product_images/A fun puzzle game with colorful pieces scattered on a table
1a48612e-05c8-49a4-88f1-c7e1d83b7bf4,e6f7e0a0-038b-4a88-9ccd-9b8b6d10a356,product_images/A soft and cuddly plush teddy bear with a cute bowtie
4955ca5f-c4b0-412c-a074-ae02aaa0db1a,91086b03-bbee-40bc-b120-a91008c7d905,product_images/A realistic dinosaur toy with scaly texture
bd8fa161-f461-4ce3-9797-b9c1fcb0dad7,91086b03-bbee-40bc-b120-a91008c7d905,product_images/A futuristic robot toy with glowing LED eyes
c9bc0c97-ad31-4ff6-90b2-82a980af23b9,91086b03-bbee-40bc-b120-a91008c7d905,product_images/A beautiful multi-story dollhouse with stylish furniture
bc42d72e-391c-4c00-bd09-723c71ea9224,5780f3c5-01cb-492d-8ad0-f7a77845955b,product_images/A colorful toy kitchen set with a miniature stove
ea5f36e4-0b0f-4676-88f2-20bc4ab2ad9b,5780f3c5-01cb-492d-8ad0-f7a77845955b,product_images/A classic Monopoly board game set up on a table with colorful game pieces
80e772c5-c7b1-46c9-912c-a553f8259844,5780f3c5-01cb-492d-8ad0-f7a77845955b,product_images/A realistic dinosaur toy with scaly texture
d727a290-4754-4f11-aea5-53d96db45324,7d191182-575d-4526-a5d3-4a919357bb3e,product_images/A soft and cuddly plush teddy bear with a cute bowtie
159eedc2-778a-4623-bef0-dd1724268c7a,7d191182-575d-4526-a5d3-4a919357bb3e,product_images/A magical kit with a magician’s hat
23614268-4df4-4a5b-bb79-8eea6d70b90d,7d191182-575d-4526-a5d3-4a919357bb3e,product_images/A sleek remote control car with LED lights racing on a track
1e55fc4f-fffc-4cdc-aec8-2f2c84828cf1,ed6ddcba-7114-465c-b9c5-4314d05413e7,product_images/A beautiful multi-story dollhouse with stylish furniture
e85f679b-aab7-4a86-b718-830479e1b46d,ed6ddcba-7114-465c-b9c5-4314d05413e7,product_images/A fun science experiment kit for kids
1b1ddee0-786a-41c4-ae56-980adc94c9ac,7cb120d5-6dcf-40ae-b9b7-392162cd233d,product_images/A classic wooden train set with colorful tracks
d9da776f-8ead-4d4a-975c-ad0c6821e1bb,345a09c2-e0ff-4a1e-9da9-f15358497936,product_images/A set of collectible fantasy-themed trading cards with colorful artwork
fcc8a773-a9c0-4434-847d-eb5c32286e29,345a09c2-e0ff-4a1e-9da9-f15358497936,product_images/A colorful toy foam dart blaster with a futuristic design
99503aa0-8ec0-4b1e-b2e6-e43d5915f2f0,3e0e9e27-7e0c-4148-8ec8-c11836185173,product_images/A futuristic robot toy with glowing LED eyes
8058c7fb-6155-4a90-be4b-93efe4ca1657,3e0e9e27-7e0c-4148-8ec8-c11836185173,product_images/A detailed Transformers action figure in robot mode
40a93fb9-08af-4820-b321-5eecd62e5ee6,3e0e9e27-7e0c-4148-8ec8-c11836185173,product_images/An exciting Hot Wheels track with loops
5c841e9a-caed-4a8f-9370-193e68ea0f47,0a4c0e1d-41c2-4ba8-9a04-46b94d2ee7d5,product_images/A fun puzzle game with colorful pieces scattered on a table
a520f895-c5ec-4c2c-a0ed-aba537a933d5,0a4c0e1d-41c2-4ba8-9a04-46b94d2ee7d5,product_images/A soft and cuddly plush teddy bear with a cute bowtie
f82dd730-7d1f-4922-a7a4-608524ea4b17,e94b4a77-cdd8-46c7-b217-31bfcb129c5c,product_images/A realistic dinosaur toy with scaly texture
2770e966-8659-45d8-a098-03d54c175976,e94b4a77-cdd8-46c7-b217-31bfcb129c5c,product_images/A magical kit with a magician’s hat
afa1b89b-6479-4935-93f1-69ba8fe88289,bd5bf91b-54bf-4e7f-8934-ed26577ade2b,product_images/A superhero action figure in a dynamic flying pose
c95fcd44-72ab-473d-998b-ea62137613ea,bd5bf91b-54bf-4e7f-8934-ed26577ade2b,product_images/A soft and fluffy stuffed animal
ecb5fdc1-668b-4c15-b1c2-e58972381239,bd5bf91b-54bf-4e7f-8934-ed26577ade2b,product_images/A colorful toy kitchen set with a miniature stove
bad757a1-5ac2-4bd4-b23c-c1e64e04e2fc,24ee3874-0384-4edc-aa98-6771ff68f998,product_images/A classic Monopoly board game set up on a table with colorful game pieces
285eb16a-6908-45be-9ca1-25b8b632e4a7,24ee3874-0384-4edc-aa98-6771ff68f998,product_images/A colorful Fisher-Price toy set featuring interactive buttons
09fc8ee9-f371-49de-8fc3-595956d33271,ee7ce7f3-0a5c-4f73-816c-fbab481f8060,product_images/A LEGO City set with buildings
4f419901-b036-40c6-808c-171de7dd5010,ee7ce7f3-0a5c-4f73-816c-fbab481f8060,product_images/A Play-Doh set with multiple colorful cans of dough
22c42704-8b54-4beb-9328-71258849a1eb,ee7ce7f3-0a5c-4f73-816c-fbab481f8060,product_images/A sleek remote control car with LED lights racing on a track
7f5419a5-71a1-4a99-bf15-f32758564faf,5d4d6357-0ef4-4b7f-9e7d-6c39a1ca8b6e,product_images/A realistic dinosaur toy with scaly texture
b8eb9bb7-6f58-4bcc-b146-114f2c1dd678,5d4d6357-0ef4-4b7f-9e7d-6c39a1ca8b6e,product_images/A fun science experiment kit for kids
eec9e3e7-2f62-42cc-ab4c-7885250f863d,21415697-7794-4ec0-9477-79f3b837c2ee,product_images/A fun puzzle game with colorful pieces scattered on a table
60c5ec0b-67a5-4b37-9c2d-1925561fe671,35271eb2-87f0-4eca-a7c5-fc59a477314b,product_images/A magical kit with a magician’s hat
95fdf080-5c4c-449f-9c65-f4f6b852b1b5,35271eb2-87f0-4eca-a7c5-fc59a477314b,product_images/An exciting Hot Wheels track with loops
534ce697-b08e-4754-8850-c2e196a64e26,35271eb2-87f0-4eca-a7c5-fc59a477314b,product_images/A detailed Transformers action figure in robot mode
ee030c8c-c008-48e5-b2dd-f3846e9cab3c,3bcf0aff-366c-4bf2-9986-08e757169090,product_images/A futuristic robot toy with glowing LED eyes
7e99027f-55ba-4698-9b24-24611b0c395a,3bcf0aff-366c-4bf2-9986-08e757169090,product_images/A set of collectible fantasy-themed trading cards with colorful artwork
24e9896b-f61e-4553-91e9-bbbfdef39328,3bcf0aff-366c-4bf2-9986-08e757169090,product_images/A classic wooden train set with colorful tracks
b51753c4-fce8-4cf1-add5-e439fa10c164,a71d699d-f5bb-4796-8d7b-d9ee582273f4,product_images/A colorful toy foam dart blaster with a futuristic design
1da8ccd5-4a54-48ad-ab87-774223426532,db8209cb-a151-43db-a500-0129717003c3,product_images/A fun science experiment kit for kids
4c2e288a-9941-4ab2-9a30-3355ba407f74,db8209cb-a151-43db-a500-0129717003c3,product_images/A colorful Fisher-Price toy set featuring interactive buttons
d9cd06cf-3482-4d78-9a6f-066eecc037da,17618c72-8045-47cc-abf6-e8f440717acd,product_images/A soft and fluffy stuffed animal
250c01ef-6e4d-4c95-b33e-2e17a6675bec,e1d834f1-5040-4dfe-83cb-d2f982d2d193,product_images/A classic Monopoly board game set up on a table with colorful game pieces
fe031e7b-4b28-446d-bd8d-605846da4477,0799acbe-e19d-491c-97f3-a48684a110e2,product_images/A classic Monopoly board game set up on a table with colorful game pieces
fcf3f467-b883-4dc0-8835-a0755ec02cf5,36138b5e-f6e8-4eb9-b4cc-e4443342e78a,product_images/A colorful toy kitchen set with a miniature stove
3113775b-531b-4fbe-a622-cf0cf6d29792,36138b5e-f6e8-4eb9-b4cc-e4443342e78a,product_images/A soft and cuddly plush teddy bear with a cute bowtie
7653be77-0de1-4592-adf7-b1968ed67749,36138b5e-f6e8-4eb9-b4cc-e4443342e78a,product_images/A detailed Transformers action figure in robot mode
ff739c07-fb02-4fc8-b363-84819667ac74,6c20b296-cc16-4a43-bfae-6150ad92cdb9,product_images/A superhero action figure in a dynamic flying pose
dc0aec3c-8247-4422-9419-4092d22842a6,6c20b296-cc16-4a43-bfae-6150ad92cdb9,product_images/A magical kit with a magician’s hat
aafe19f4-ad59-4168-a255-3a602e1ea72b,ed658c21-1bcf-4c7f-b5e1-b57033938731,product_images/A LEGO City set with buildings
429d3f6b-7852-4c2d-951f-18083e147dae,6778fa4d-1f2a-49e0-bcef-330ff81b36be,product_images/A Play-Doh set with multiple colorful cans of dough
4ed47085-a5b5-4606-bb41-e4b0985c54db,6778fa4d-1f2a-49e0-bcef-330ff81b36be,product_images/A futuristic robot toy with glowing LED eyes
88d0ab4d-b708-44d7-b608-9630cc72c9f4,6778fa4d-1f2a-49e0-bcef-330ff81b36be,product_images/An exciting Hot Wheels track with loops
83441d83-ffd3-41c9-9626-c05b7b586449,aaa95ebc-9026-4b82-9696-1a1a80592daa,product_images/A realistic dinosaur toy with scaly texture
83ea13bd-91df-4d35-8eb9-a1bcfeafdfc9,aaa95ebc-9026-4b82-9696-1a1a80592daa,product_images/A fun science experiment kit for kids
41b0e77a-ea11-4dc9-bfdc-92310e183bd1,3bef20d4-693f-4221-b675-48683d4966e2,product_images/A fun puzzle game with colorful pieces scattered on a table
43925418-d329-443d-b44d-f06a8d86363c,b490966f-df79-4ad0-b7a0-109b8f6c7387,product_images/A colorful Fisher-Price toy set featuring interactive buttons
e566fd4f-619f-402f-ae9b-5602188ce8fa,b490966f-df79-4ad0-b7a0-109b8f6c7387,product_images/A sleek remote control car with LED lights racing on a track
fd2d7857-20bf-4885-802f-4169073a02c1,b490966f-df79-4ad0-b7a0-109b8f6c7387,product_images/A colorful toy foam dart blaster with a futuristic design
a4f44bd0-3f37-463e-bc13-14022a8a90c1,c9effcf3-2fc4-41c1-9593-d29cff412427,product_images/A beautiful multi-story dollhouse with stylish furniture
725f53ac-715d-4da6-b7c1-93ed8badeacf,c9effcf3-2fc4-41c1-9593-d29cff412427,product_images/A soft and fluffy stuffed animal
2a4eebe6-e78c-41a8-9753-7612df32b7b6,0535e733-cc53-4a7b-bfd5-d0a3f6591528,product_images/A set of collectible fantasy-themed trading cards with colorful artwork
99b3e322-72a5-462f-9518-b442d8b06561,0535e733-cc53-4a7b-bfd5-d0a3f6591528,product_images/A colorful toy kitchen set with a miniature stove
021fae65-cd90-446c-a112-12b88d43de65,0535e733-cc53-4a7b-bfd5-d0a3f6591528,product_images/A classic wooden train set with colorful tracks
9be83506-f990-45f2-b8d4-55b0b5ab97b2,e7e30c84-ce36-4b97-9099-474d1cf34f5a,product_images/A realistic toy kitchen set designed for kids. It includes miniature pots
9d270a1e-7fc7-4881-bdd0-9b87cbc24eb0,6f14eb12-c0ac-4031-bd6e-35ed50f7527a,product_images/A realistic toy kitchen set designed for kids. It includes miniature pots
e0aefde1-0134-4eba-a33d-2b529decaa3c,6f14eb12-c0ac-4031-bd6e-35ed50f7527a,product_images/A realistic Hot Wheels race track with multiple loops and ramps. Small
c3cca6fa-bb6c-4f6e-8e05-cfe300bfe283,e8789df1-7a30-4335-adcb-19c29e2838ce,product_images/A realistic Play-Doh set with multiple colorful clay containers
73030b45-4e46-49f6-8ae2-c8afd70fc673,e8789df1-7a30-4335-adcb-19c29e2838ce,product_images/A realistic Fisher-Price toy set featuring colorful interactive elements like buttons
a8f98fff-6f57-4f75-9f44-ca58bdbd581d,00e2f0cd-5db0-4942-bbe7-d30a9f5f1514,product_images/A realistic family board game set displayed on a table. The set includes a colorful game board
3328b7f9-54b0-4616-9610-41fe635e759a,00e2f0cd-5db0-4942-bbe7-d30a9f5f1514,product_images/A realistic RC car set featuring a high-speed remote-controlled car with rugged tires. The set includes a remote control and charging accessories. The.webp
cf44f3c7-69a0-4bda-8129-6f85967279e6,00e2f0cd-5db0-4942-bbe7-d30a9f5f1514,product_images/A realistic LEGO building set featuring a colorful construction with miniature bricks. The set includes small characters
117a5eb9-09c5-4ba9-84f0-f9f7dc2cb151,f09124a7-4a40-401f-8103-d749e9a5bbb7,product_images/A realistic stuffed teddy bear with soft fur
5df86a44-60db-48ee-883c-7a749cbbc631,f09124a7-4a40-401f-8103-d749e9a5bbb7,product_images/A realistic dollhouse set featuring a multi-story miniature home with furniture and tiny dolls. The house includes detailed rooms like a kitchen
ce61f4b6-c86e-477a-9939-eb79c3899216,eb4bb413-fb17-4cd9-a9aa-51dfa4b0f6f8,product_images/A realistic science experiment kit for kids
5989978f-83dc-4f47-9c94-1b7bc0b8d0e9,eb4bb413-fb17-4cd9-a9aa-51dfa4b0f6f8,product_images/A realistic musical toy set for kids
94c192a4-b1ed-42fe-bf16-385774bdef4e,eb4bb413-fb17-4cd9-a9aa-51dfa4b0f6f8,product_images/A realistic remote-controlled drone toy designed for kids
d5e8ef25-4e65-4b07-bde1-8cb2d08a7606,b8057965-8f83-456a-baf1-9212f1db8437,product_images/A realistic toy train set featuring a detailed locomotive
1c98034f-7bba-453f-b5c2-7bce34f80d99,b8057965-8f83-456a-baf1-9212f1db8437,product_images/A realistic children's puzzle set featuring large
53d5dddd-ec2e-4bfa-a7a9-fc72050ab380,4af223ef-fe52-449c-992e-9be67eb284af,product_images/A realistic kids' art and craft set featuring colored markers
8c484a84-a0f1-469d-bea2-a7568cfff050,4af223ef-fe52-449c-992e-9be67eb284af,product_images/A realistic toy doctor playset for kids
6dedcb5a-8645-40e6-af96-e814abf58527,4af223ef-fe52-449c-992e-9be67eb284af,product_images/A realistic remote-controlled robot toy with LED lights and interactive features. The robot is designed for kids
82c5619d-7572-421a-bc66-f9af5162f7bc,caab1439-61b3-4404-b65a-ba033914205a,product_images/A realistic toy tool set for kids
24ee14ad-96ad-4624-86a0-5b2f2a53b7d0,caab1439-61b3-4404-b65a-ba033914205a,product_images/A realistic magic trick set for kids
b8ec2b67-f527-4d14-b8bd-4c9a8d024b0b,caab1439-61b3-4404-b65a-ba033914205a,product_images/A realistic kids' camping playset featuring a toy tent
6b59d285-9fab-4831-9f3e-8951a9ae7c99,16061877-19d6-49e8-b905-c1b56c384ce7,product_images/A realistic toy farm playset featuring a colorful barn
b344ea70-55b6-4303-a093-e854d8901e29,16061877-19d6-49e8-b905-c1b56c384ce7,product_images/A realistic space explorer playset for kids
60932180-3ebf-4d93-ba56-a472ccb20d16,ce8524ae-1b0c-47f5-bfc2-d82850a6d5fa,product_images/A realistic kids' kitchen playset featuring a miniature stove
66746bcc-312d-4b0e-83ef-6c75a546db7b,ce8524ae-1b0c-47f5-bfc2-d82850a6d5fa,product_images/A realistic dinosaur toy set featuring various colorful dinosaur figurines
bd1d0eae-4285-4ccd-9d0a-212fe7c7f73e,ce8524ae-1b0c-47f5-bfc2-d82850a6d5fa,product_images/A realistic firefighter playset for kids
df9e63c0-4674-43a3-b9e6-e38231dc47d8,0a757fc7-9b6d-4a0c-88be-51b902b8fb2f,product_images/A NERF Blaster that is a great gift for children of all ages. Features soft foam darts
6a4938f6-b1f2-4218-ba43-20d8264fe28a,27063921-48cd-4b74-b445-d98c9591d55c,product_images/A Hot Wheels Track that is easy to assemble and store. Features thrilling loops
d3999664-87ac-4d1d-9697-ab5214e0fcc0,27063921-48cd-4b74-b445-d98c9591d55c,product_images/A Puzzle Game made from safe and non-toxic materials. Features colorful pieces that challenge and entertain children. Perfect for developing problem-s.webp
5b4e335b-43fa-432c-ae9a-7b0baef29e98,27063921-48cd-4b74-b445-d98c9591d55c,product_images/A Plush Teddy Bear made from safe and non-toxic materials. Features soft fur
8b99703e-a93d-4309-93df-2b88fdd1b9f4,8e179507-b327-452e-ae77-8bf092d7fc0e,product_images/A Dinosaur Toy designed for hours of entertainment. Features realistic details
0d1a41b3-e40e-4a1d-bcb3-e928e0f9bd0b,8e179507-b327-452e-ae77-8bf092d7fc0e,product_images/A Robot Toy that is perfect for imaginative play. Features bright colors
703e30f8-a1db-4f46-bd29-e15e606a3099,8e179507-b327-452e-ae77-8bf092d7fc0e,product_images/A Toy Kitchen Set that is high-quality and durable. Includes miniature utensils
a834b106-5269-4055-b63f-9d1b6de9a246,f8f24ef7-5371-420f-b303-d587249ec41b,product_images/A Wooden Train Set that is high-quality and durable. Features wooden tracks
92c6cea4-372b-4abe-ab00-4870d74b78de,88304309-d23f-424a-a6e2-08406b54b7b6,product_images/A collectible card game set featuring fantasy creatures. Includes colorful and unique cards with special abilities. Perfect for kids who love strategy.webp
9c3bf33b-9df1-4033-9055-facf32b234b7,88304309-d23f-424a-a6e2-08406b54b7b6,product_images/A Children's Art Set that is high-quality and durable. Includes colorful crayons
9279f7b1-75ac-4eef-90c1-aab04801fbe6,88304309-d23f-424a-a6e2-08406b54b7b6,product_images/A Remote Control Car that is high-speed and durable. Features sleek design
abc36edf-fde7-45d3-beef-d302b545009f,3eaafbb5-76b6-457e-8786-7c28de12c438,product_images/A Science Experiment Kit that is educational and fun. Includes colorful test tubes
322ca717-a3d4-462e-83f1-e87e2aa67655,3eaafbb5-76b6-457e-8786-7c28de12c438,product_images/A Stuffed Animal Unicorn that is soft and cuddly. Features rainbow colors
b1d9fdfe-ece3-4630-99a0-4a7e94b23563,3eaafbb5-76b6-457e-8786-7c28de12c438,product_images/A Kids' Building Blocks Set that is colorful and educational. Includes various shaped blocks that connect easily. Designed for kids who love creativit.webp
16efdf37-5d6b-4bfa-9f09-e93988c18301,3dc4d5e8-e0a9-421d-af6a-b52f71d5bca0,product_images/A Children's Musical Instrument Set that is fun and educational. Includes colorful drums
219be14a-8fdd-4fb5-bb05-bed991eb3403,3dc4d5e8-e0a9-421d-af6a-b52f71d5bca0,product_images/A Kids' Doctor Playset that is fun and educational. Includes a toy stethoscope
db132943-08a4-4da0-a8aa-f02308f7e23b,3dc4d5e8-e0a9-421d-af6a-b52f71d5bca0,product_images/A Children's Camping Playset that is fun and adventurous. Includes a toy tent
d3cad127-f66a-49f0-9588-9df5c814c38a,3563bdd9-6e51-48d5-a643-0fc308c60b91,product_images/A Kids' Science Lab Kit that is fun and educational. Includes colorful test tubes
d6366f8b-735e-4a40-b65f-47884dcaf688,bf0cb408-3792-41c8-b717-6a5e074a9c5f,product_images/A Kids' Puzzle Set that is colorful and educational. Features various shapes
92bd9071-b2cc-47e4-bd82-33b78ef758b7,c8ecd354-6eb8-476b-868a-228f63070903,product_images/A Kids' Tool Set that is fun and educational. Includes colorful toy hammer
349b2bbe-bbe7-4b31-b6a0-b6db257a4326,c8ecd354-6eb8-476b-868a-228f63070903,product_images/A Kids' Magic Kit that is fun and exciting. Includes a magician’s hat
7f8f9bfa-0d10-4da9-a1cf-f447405e943d,c8ecd354-6eb8-476b-868a-228f63070903,product_images/A Kids' Adventure Play Tent that is fun and colorful. Features a lightweight
64ea1fda-396b-47f2-998b-a7c86deb2756,f40c8036-7b7a-44c6-85a4-a7944f171d48,product_images/A Kids' Cooking Playset that is fun and educational. Includes colorful toy pots
668e5133-44a0-4b60-8c9b-6c5977c3eb5e,61375a77-6894-41b1-b727-b58444054761,product_images/A Kids' Robot Toy that is interactive and fun. Features lights
99ef4a08-7445-4858-aa82-ce81ddc4f27e,61375a77-6894-41b1-b727-b58444054761,product_images/A Kids' Sports Playset that is fun and active. Includes a mini soccer goal
6a7108fb-fd96-4ec2-97ed-6d63271d257f,2c874acc-0740-4d2e-be0c-3e2b4d614952,product_images/A Kids' Firefighter Playset that is fun and adventurous. Includes a toy fire truck
dcb153d4-6018-4859-97c0-d2b2f0a58eea,bf4c32ce-92e3-4810-b27e-262fda46f394,product_images/A Kids' Space Explorer Set that is fun and educational. Includes a toy astronaut helmet
1558494e-76b4-4780-8815-a3b865671149,bf4c32ce-92e3-4810-b27e-262fda46f394,product_images/A Kids' Gardening Playset that is fun and educational. Includes colorful toy pots
c8f110f3-6ce7-4820-87de-2621a2118013,bf4c32ce-92e3-4810-b27e-262fda46f394,product_images/A Kids' Detective Playset that is fun and adventurous. Includes a toy magnifying glass
974e1cd2-cb6d-42ec-9c59-e1c7698bbf54,57108a98-e252-411e-b7be-43dbc11aec46,product_images/A Kids' Pirate Adventure Playset that is fun and exciting. Includes a toy pirate ship
e54517e9-c789-4a60-bb45-431bc27f6d69,8d93bb95-71f8-4e85-ae28-e75342c46241,product_images/A Kids' Train Adventure Set that is fun and interactive. Includes a colorful toy train
3ccecf24-d6f0-4048-a54f-469d7a24cda2,398cf18b-f9ee-4e6c-a275-771b4a866ef4,product_images/A Kids' Construction Playset that is fun and engaging. Includes toy construction vehicles
3060bf67-f7ff-4c31-9aa0-9d3dcf548f72,398cf18b-f9ee-4e6c-a275-771b4a866ef4,product_images/A Kids' Superhero Dress-Up Set that is fun and exciting. Includes a cape
93f4fae4-5c42-47a1-8efc-3b1f88582241,740188e2-2586-4b3d-9a8e-4f6d9d783b4c,product_images/A Kids' Animal Safari Playset that is fun and educational. Includes toy animals
62865ea5-d862-4f4b-98f1-893ec5f651f4,740188e2-2586-4b3d-9a8e-4f6d9d783b4c,product_images/A Kids' Space Adventure Playset that is fun and imaginative. Includes a toy spaceship
96db7cdb-8333-40c3-bae6-b585b36b316a,f4efeaca-8178-47ba-b742-878007a335f5,product_images/A Kids' Castle Playset that is magical and fun. Includes a toy castle
8a160b32-8812-415f-a2c0-17fb95986081,f4efeaca-8178-47ba-b742-878007a335f5,product_images/A Kids' Dinosaur Adventure Playset that is fun and educational. Includes toy dinosaurs
1b4c4e6b-bab5-40b6-8eeb-1011461eeda9,f4efeaca-8178-47ba-b742-878007a335f5,product_images/A Kids' Farm Animal Playset that is fun and educational. Includes toy farm animals
bc295ef5-f46c-41c8-8840-f22b302c4077,666f117b-e36b-45da-a126-7b296e422a94,product_images/A Kids' Fairy Tale Playset that is magical and enchanting. Includes a toy castle
4cef29b9-0fb2-46c1-a68a-e937ce9bd83d,52016435-3ccb-41d3-a41b-6b42a8ca45a4,product_images/A Kids' Ocean Explorer Playset that is fun and educational. Includes toy sea animals
96cf679c-c4b2-4ab2-9235-65354daa9de1,52016435-3ccb-41d3-a41b-6b42a8ca45a4,product_images/A Kids' Medieval Knight Playset that is adventurous and fun. Includes a toy castle
61766d68-4cdc-4e09-b66f-a62361aca9ac,56a94ce9-a20c-4f5c-ae9b-5a4dc82ef7e0,product_images/A Kids' Space Shuttle Playset that is exciting and educational. Includes a toy space shuttle
3483e90d-36e2-4604-8b6c-770bb2a3c9f6,530d1cc5-f11f-4c6f-b38f-42456cf7a46c,product_images/A Kids' Farm Tractor Playset that is fun and educational. Includes a toy tractor
45f28cda-94e9-44c0-868a-bccfc4ea9197,ae395791-32e8-4a63-a03d-03f726e93b05,product_images/A Kids' Police Officer Playset that is fun and adventurous. Includes a toy police car
1abf06b7-3402-4039-8a2c-dec8e3f795d4,ae395791-32e8-4a63-a03d-03f726e93b05,product_images/A cute stuffed animal
c6734eaa-8b75-46da-b231-5b3c7f215cb3,6fa1cb0b-f7e9-46e2-a534-baaa5fe74cc8,product_images/A colorful toy kitchen set with miniature utensils
a0da1ceb-5ea1-41d4-8e9f-91b6dfec53d2,e62892b6-8e9f-4846-8330-85a92c561ac9,product_images/A stylish and elegant dollhouse with multiple rooms
21f58e98-ac90-4a81-b93f-25db56afcbff,e62892b6-8e9f-4846-8330-85a92c561ac9,product_images/A classic board game set with a colorful game board
551de684-edb7-457c-982c-dbe3acbb5409,a4814e6a-b384-439a-8d0d-541c1ab69aec,product_images/A realistic and detailed dinosaur toy
2fe2b42b-a399-40a3-8c8c-bcbc4521438e,a4814e6a-b384-439a-8d0d-541c1ab69aec,product_images/A fun and engaging magic kit for kids
ee7d1314-d6cd-4635-9c42-014e58e65139,a4814e6a-b384-439a-8d0d-541c1ab69aec,product_images/A futuristic robot toy with LED lights
7d545da4-7b57-48b2-9be8-6678d6c9447a,f7e99589-008f-4414-bacd-4a316f5c9542,product_images/A dynamic superhero action figure with a colorful costume
d77403ad-dc2d-44e9-8bc5-cf8b883cc790,f7e99589-008f-4414-bacd-4a316f5c9542,product_images/A magical kids' playset with wands
0a08f1f4-4523-46d8-a456-55d99b99bd89,f7e99589-008f-4414-bacd-4a316f5c9542,product_images/A magic kit for kids with a magician's hat
a8daeec6-6faf-4902-96dc-e10b19472f84,bf07bfd8-1060-48ae-a04b-aed37b0e3936,product_images/A soft and cuddly plush teddy bear with a cute ribbon around its neck. Perfect for imaginative play.webp
0f25dbb3-d441-4ee7-a782-de7ee06c13e1,bf07bfd8-1060-48ae-a04b-aed37b0e3936,product_images/A colorful and challenging puzzle game with multiple pieces forming a beautiful image. High-quality and durable.webp
23f2d929-f460-4cc8-88d8-0b3b77bf31b2,bf07bfd8-1060-48ae-a04b-aed37b0e3936,product_images/A detailed superhero action figure with a dynamic pose
3e646d6d-8444-4d3b-9490-432d487bc16d,3789846a-c5be-495e-8289-16d928517daa,product_images/A science experiment kit for kids with test tubes
6a6b4d4d-d46f-4a6c-bd70-8ec7d70bcc6e,8e69d481-a546-4a1e-96c3-0c4a76b32ce4,product_images/A soft and cuddly stuffed animal with a cute expression
d38a98ac-de67-4209-bf78-1907bedd40d4,3cce9ba5-a64b-4bc9-a5bc-e3e50b074b6a,product_images/A fun and engaging dinosaur toy for kids
86cd0ca6-ef69-45df-8fa7-c538f815d800,3cce9ba5-a64b-4bc9-a5bc-e3e50b074b6a,product_images/A classic Monopoly board game set with a colorful game board
e665ab4b-1ef7-429b-8432-d0d0260e5c72,b3fe6e99-d497-45b1-8266-9e7142954ba9,product_images/A magical kids' playset with wands
b1a00768-b716-4aa3-ab28-b607ae3501bf,9fe4d8d4-16a5-4de7-8cfd-96abc1f22239,product_images/A soft and cuddly plush teddy bear with a cute ribbon around its neck. High-quality and perfect for snuggling.webp
6c211b10-2af0-4f5d-8f35-3a6fe3db4354,9fe4d8d4-16a5-4de7-8cfd-96abc1f22239,product_images/An interactive and fun educational toy set for kids
ce77f6ea-085e-4c03-82ee-682e765192a1,f46f8888-c9d2-42b6-a725-fb73f24a10cb,product_images/A colorful race car toy set with miniature cars
08294bf3-1b53-4f3c-9512-3e6975b8f4a6,f46f8888-c9d2-42b6-a725-fb73f24a10cb,product_images/A creative arts and crafts kit for kids with colorful paper
6216a5c7-e6aa-49f2-abac-a25862facf61,f46f8888-c9d2-42b6-a725-fb73f24a10cb,product_images/A colorful children's building block set with various shapes and sizes. Perfect for imaginative construction play.webp
0dc16caf-589f-49fb-a31f-2bd3749164e2,e066d215-af2f-44bc-8b8f-545a335b3b7d,product_images/A classic wooden train set with colorful tracks
87394f61-29eb-47ab-a970-ac591846610e,e066d215-af2f-44bc-8b8f-545a335b3b7d,product_images/A fun and engaging magic kit for kids with a magician's hat
d76e841f-7d60-454d-9ee1-feec288b8171,0cd680bb-a5f4-433d-8dc2-79728ad4c343,product_images/A high-quality product image of a Toy Robot. Designed for interactive play and encourages problem-solving. Categories_ Robots
2fd35bfa-62a6-45d4-9485-7b5fb9fbeff4,0cd680bb-a5f4-433d-8dc2-79728ad4c343,product_images/A high-quality image of a colorful card game set designed for children. Features vibrant artwork and neatly organized cards in a box. Suitable for an .webp
e880b45d-725e-4d25-a42c-3c811b1ffe23,0cd680bb-a5f4-433d-8dc2-79728ad4c343,product_images/A high-quality image of a LEGO City building set. Features miniature buildings
dae691ec-476e-4c05-94a2-a051d9853f62,25029284-f782-4c39-9c3f-b928d9a7d388,product_images/A high-quality image of a robot toy designed for children. Features colorful lights
39c2cc45-683c-4063-a43a-8c5079cf50a4,25029284-f782-4c39-9c3f-b928d9a7d388,product_images/A high-quality image of a Monopoly board game. Includes a colorful game board
44077817-8db6-4457-a9a4-2186ef8c62b3,25029284-f782-4c39-9c3f-b928d9a7d388,product_images/A high-quality image of a colorful racing car toy designed for children. Features sleek design
6e9892de-97d7-47f7-9503-c6d170c483ee,d7634a7f-52e9-4236-b6e6-323c28d1e514,product_images/A high-quality image of a plush teddy bear toy. Features soft brown fur
94c13555-11fa-4113-823a-1d959203ac7c,d7634a7f-52e9-4236-b6e6-323c28d1e514,product_images/A high-quality image of a remote-controlled helicopter toy. Features sleek design
e91ecdc1-df02-4c84-91e9-0b3ed3fa6182,d20b10e4-c67b-4c0d-9867-5256418738cf,product_images/A high-quality image of a colorful building blocks set for children. Includes various shapes and sizes in bright colors
c9f64f8a-e122-47d0-a722-20c4dc688bc3,d20b10e4-c67b-4c0d-9867-5256418738cf,product_images/A high-quality image of a children's puzzle set. Features colorful interlocking pieces forming a fun animal picture. Perfect for an e-commerce website.webp
f683f7c3-1507-472f-98ec-50fef9ed3b5f,d20b10e4-c67b-4c0d-9867-5256418738cf,product_images/A high-quality image of a toy train set for children. Features a colorful locomotive with attached carriages on a circular track. Perfect for an e-com.webp
661942c4-0d5c-44a8-bb21-839aa6e42045,1b4d24c6-2272-4884-8527-7229e974ef5c,product_images/A high-quality image of a kids' art and craft kit. Includes colorful markers
b21d7dc2-2ccb-4f94-bb5f-368618464ad8,1b4d24c6-2272-4884-8527-7229e974ef5c,product_images/A high-quality image of a toy drum set for children. Features colorful drums
391606a2-d506-4b6f-86ea-ec0f92a13318,1b4d24c6-2272-4884-8527-7229e974ef5c,product_images/A high-quality image of a children's kitchen playset. Includes miniature utensils
4e2df6a6-64bb-4108-8b0d-bf8994f4e062,d431ebdf-c8b3-4770-89bb-e05b3ec0b401,product_images/A high-quality image of a remote-controlled car toy. Features a sleek design with bright red and black colors
a14759f1-0602-4a46-93d2-8edb08b2b00e,d431ebdf-c8b3-4770-89bb-e05b3ec0b401,product_images/A high-quality image of a children's dinosaur figurine set. Features various colorful dinosaur models like T-Rex
ba125795-ddad-448e-a280-b0a16e31a380,d431ebdf-c8b3-4770-89bb-e05b3ec0b401,product_images/A high-quality image of a children's basketball hoop set. Features a colorful adjustable hoop with a small basketball
ca0c4238-a3da-47c4-b6c8-c10aff2cafdd,88bc75cf-f8a0-4646-98d9-cccaa4985676,product_images/A high-quality image of a children's science experiment kit. Includes colorful test tubes
828dbeb6-4917-4a98-8a1a-0cf1c3e08107,88bc75cf-f8a0-4646-98d9-cccaa4985676,product_images/A high-quality image of a children's magnetic building tiles set. Features colorful geometric tiles arranged in creative 3D structures
cb473cb1-365c-4d26-b4dc-019aeb38b988,88bc75cf-f8a0-4646-98d9-cccaa4985676,product_images/A high-quality image of a children's race car track set. Features colorful tracks with loops and ramps
4c330d93-a6cb-4662-9404-7e04bd7fd7a1,6204cde9-bf78-411d-9153-a963311e5d96,product_images/A high-quality image of a children's fairy tale book set. Features colorful illustrated covers with magical characters like fairies
fae66b97-cc54-4993-b9a8-d2e495d2edcb,6204cde9-bf78-411d-9153-a963311e5d96,product_images/A high-quality image of a children's sandbox playset. Features colorful sand molds
9c2f7e89-b125-4a2d-92d7-9ede433d7ea0,6204cde9-bf78-411d-9153-a963311e5d96,product_images/A high-quality image of a children's musical instrument set. Includes colorful maracas
fd3bfed5-90de-44e7-bedc-6e13422128f4,760e8d81-b97f-4c41-979b-29696627e7e8,product_images/A high-quality image of a children's pirate ship toy. Features a detailed ship with sails
e84d2134-2731-4aa4-9864-5101191a1e8a,2a818561-d4cf-4c9f-a084-abfccc563578,product_images/A high-quality image of a children's farm animal figurine set. Features detailed models of cows
0f24ca26-241b-4f32-83fa-0ed449c30ee7,18994539-66e7-4678-bbfb-99c311e5ed7b,product_images/A high-quality image of a children's space exploration playset. Includes toy rockets
06931e28-5f21-4675-b387-a48697589d8d,18994539-66e7-4678-bbfb-99c311e5ed7b,product_images/A high-quality image of a children's kitchen cooking playset. Includes miniature pots
5ebe5f61-2c1c-46ea-a04e-1256ee02c89b,18994539-66e7-4678-bbfb-99c311e5ed7b,product_images/A high-quality image of a children's firefighter playset. Includes a toy fire truck
8c7efb27-3e70-443e-b66d-9199144bbd47,69b76818-a491-4987-8f68-3e14bee4eb73,product_images/A high-quality image of a children's dinosaur excavation kit. Includes a digging tool
2daacff5-7d0e-48ec-a1bf-b6d86d66d2c6,781a0c05-9937-4eb2-ac76-f50b7b3f85b0,product_images/A high-quality image of a children's magic trick set. Includes magic wands
59047b18-ec4c-4601-b021-a73848eaa921,cf7d8a2e-5a68-41a6-8170-ff552d07bc79,product_images/A colorful and engaging puzzle game with interlocking pieces
74ceee7a-bf50-498b-b861-98662787b3f7,cf7d8a2e-5a68-41a6-8170-ff552d07bc79,product_images/A detailed LEGO City set with miniature buildings
53c629e4-f0f4-481e-9d9f-54af7c4add9e,cf7d8a2e-5a68-41a6-8170-ff552d07bc79,product_images/A colorful and engaging puzzle game with interlocking pieces
036fe48c-98e4-4f52-87d8-43a937765391,975f9b19-7ecd-4082-83cf-fff4545369f0,product_images/A cute and cuddly stuffed animal
380bb1a5-97b7-4859-a686-f17f633ddd1b,08776200-eb7b-4ec5-b718-e23864618fe2,product_images/A cute and cuddly stuffed animal
918a745f-e6ad-46af-a252-3c182e310b3b,08776200-eb7b-4ec5-b718-e23864618fe2,product_images/A colorful toy kitchen set for children
2a5b8c18-d61e-4893-a98f-881b7ad97368,08776200-eb7b-4ec5-b718-e23864618fe2,product_images/A classic wooden train set with interlocking tracks and colorful train cars. The set includes bridges
6b2dd781-9606-4751-8c2f-fed7801aa23f,e0e237ff-9a39-42f1-8e3d-04df8d0e35d9,product_images/A fun and mysterious magic kit for kids
73093fda-4296-44cb-9eef-af5a39b4dd9d,1462a761-bdcd-4135-990e-ce292aad015c,product_images/A generic trading card set featuring colorful and collectible fantasy-themed cards. The set includes holographic and rare cards
002260ab-3cb8-4025-9ac1-8c3e24e75f34,1462a761-bdcd-4135-990e-ce292aad015c,product_images/A futuristic robot toy designed for kids. The robot features LED eyes
2944f170-5e55-4c27-a3b0-f044eb7fda24,e21ed65b-f859-442c-b756-951f591a1d9e,product_images/A charming and colorful dollhouse with multiple floors
cc2d6901-9dab-472a-8a60-cbff82033a20,15a9ba25-d520-4bc8-9f9e-e129d7fdf4db,product_images/A futuristic and detailed robot action figure inspired by transforming robots. The figure features mechanical joints
b4ca9a31-50fc-4a14-abba-1cbdd3d44727,07ba6047-b697-4a31-b069-98491edb077f,product_images/A detailed LEGO City set with miniature buildings
9824a0e3-b7cc-4c94-aac1-b3f87bb18f3e,07ba6047-b697-4a31-b069-98491edb077f,product_images/A colorful toy kitchen set for children
451ed748-4eb9-4a70-a078-6cdcf8f58a87,07ba6047-b697-4a31-b069-98491edb077f,product_images/A high-speed Hot Wheels race track with multiple loops
118b36ef-921d-4e34-8b1f-dc985e236c12,d0608573-ba2a-4f12-8d9f-9a5f4d82dd13,product_images/A sleek and fast remote control car with large wheels and a stylish aerodynamic design. The car is racing on a track
6e09ab30-9c3e-4e06-b14e-6ca052e59e9a,d0608573-ba2a-4f12-8d9f-9a5f4d82dd13,product_images/A realistic and detailed dinosaur action figure
ffe218ae-15a3-4dce-b8a7-6d235d9dc573,30aaff72-fdb1-47c7-8819-f47984350c85,product_images/A vibrant and fun playdough set for kids
cdd544e8-2476-440e-a1f3-6ff17a5c74f2,c9a155b4-fd7f-4b9f-ab5b-df5c1fd61c43,product_images/A colorful xylophone toy for kids
e3ad422e-aa1f-44ce-a700-9531d09811ab,c9a155b4-fd7f-4b9f-ab5b-df5c1fd61c43,product_images/A fun and educational globe for kids
7547aa8a-e5c3-4d53-a92e-d91c55ecd30b,c9a155b4-fd7f-4b9f-ab5b-df5c1fd61c43,product_images/A colorful and engaging stacking toy for toddlers
18af866e-0904-418a-bb04-503158a19fd0,bb01aa64-fe5a-43a8-88f6-aaa80faed236,product_images/A fun and interactive toy cash register for kids
b346bade-804f-4ea9-8edd-4b6e9075c86e,bb01aa64-fe5a-43a8-88f6-aaa80faed236,product_images/A colorful and engaging bead maze toy for toddlers
e26b854b-92fa-4663-a047-d900b343af8a,efd06327-143d-4ca1-94e5-6eecf5983461,product_images/A fun and colorful kids’ bowling set featuring lightweight plastic pins and a small bowling ball. Designed for indoor and outdoor play
6c09ba0c-ecdb-4149-ab99-f93b727f1284,efd06327-143d-4ca1-94e5-6eecf5983461,product_images/A bright and engaging fishing game for kids
d14b6d97-0f32-4183-bde5-9cc2485628b7,b4bacad8-b7fb-401d-885e-911deae91b59,product_images/A fun and interactive whack-a-mole toy for kids
3a29209a-48d3-4021-aa83-33673eb344ed,b4bacad8-b7fb-401d-885e-911deae91b59,product_images/A bright and colorful ring toss game for kids
72753b7e-4648-4349-aff8-320f8a5da0ce,b4bacad8-b7fb-401d-885e-911deae91b59,product_images/A small
210f34d2-41c5-456f-a959-11a8b8c8f014,87239ea8-4a85-442e-a4c6-f13e3901d2cf,product_images/A classic wooden shape sorter toy for toddlers
c966a4b7-47ab-426c-a4dd-f35e242e6149,87239ea8-4a85-442e-a4c6-f13e3901d2cf,product_images/A set of soft
550fbebb-823b-4eaf-b9c7-665c291e58ec,6314d44f-28c5-462c-a0f8-c0b05650761b,product_images/A fun and bright kids’ microphone toy
a20ca211-52f7-41a6-88f7-b0b33f2b44c5,6314d44f-28c5-462c-a0f8-c0b05650761b,product_images/A colorful toy shopping cart filled with miniature grocery items like fruits
c38a4bbe-39b4-420b-b987-2dcf134d8d3d,6314d44f-28c5-462c-a0f8-c0b05650761b,product_images/A bright and engaging kids' doctor playset
e8f47d60-e18b-40b5-9165-8b46ca5783ea,1f045be5-e806-4596-b803-3f6da233171a,product_images/A vibrant toy fire truck with a working extendable ladder and flashing lights. Designed for kids who love emergency vehicle play.webp
3bc10d7d-7a22-471e-9709-37b0b952eeba,1f045be5-e806-4596-b803-3f6da233171a,product_images/A playful and colorful kids’ fishing toy set
925e8d75-bc75-4c8b-be5c-1591cbc4e2f9,37365eb3-9852-4699-a22d-23ae51dd4c47,product_images/A fun and interactive kids’ toy kitchen set
f4bac710-6df0-40c4-9cf7-8a92ecc35c79,ab23008f-3688-46c0-b860-83d45a18ae01,product_images/A bright and engaging kids’ toolset
23903dd0-d41a-4484-a7c3-6ae8b5a28449,5bc6e3ec-a379-4fee-bda2-040b6a8f3f65,product_images/A fun and colorful kids’ musical piano toy
029f6de2-7756-4fff-b0d3-1805550ac80e,5bc6e3ec-a379-4fee-bda2-040b6a8f3f65,product_images/A colorful and engaging kids’ building block set
54e0d794-e519-4827-947d-de3355754f3b,5bc6e3ec-a379-4fee-bda2-040b6a8f3f65,product_images/A fun and bright kids’ toy train set
79e7bacc-4538-410e-a2cd-b8bedaadcc05,1bcbab1e-4433-43db-ab60-23dda3ba5295,product_images/A bright and engaging kids’ pull-along toy
f0c0c760-9360-4e65-b008-fe20d32a86af,351e2c98-845f-448c-add6-5b899533dd28,product_images/A fun and colorful kids’ stacking cup toy
1fc96318-fcdc-428a-ad37-5657c148e6ad,351e2c98-845f-448c-add6-5b899533dd28,product_images/A vibrant and fun kids’ puzzle mat
e29aaea0-e4b9-48b8-b1bc-a713988e35fb,4dedd3f8-7562-4a59-93a0-682a9be5e647,product_images/A cute and interactive kids’ plush animal toy
9033297c-ff81-439f-affc-7dc37edf66ce,0dfb5b65-7932-4f30-8db1-3b822131858b,product_images/A colorful and engaging kids’ wooden abacus
6cb868e9-85af-4f9c-88f1-2e7f93db5338,6a40d769-a531-4e26-9686-8fd8e0402461,product_images/A bright and interactive kids’ activity cube
836ec51f-0e75-4480-a608-ee71c8fe42ba,76261902-cfdf-48e3-bec5-cad954bbbe63,product_images/A fun and colorful kids’ pop-up play tent
37a68ec6-736a-4784-bfab-85d108899fd0,76261902-cfdf-48e3-bec5-cad954bbbe63,product_images/A playful and colorful kids’ water table
ff4f969e-c76e-444d-a7c1-12a5a7ed0859,76261902-cfdf-48e3-bec5-cad954bbbe63,product_images/A fun and educational kids’ science experiment kit
051abbc4-cc39-434b-b02c-89c4527326ca,a7fc1707-7e75-46be-8964-56f539175663,product_images/A bright and engaging kids’ walkie-talkie set
9a03a9ed-35b6-4811-bf7d-55b755fac1f0,a7fc1707-7e75-46be-8964-56f539175663,product_images/A vibrant and interactive kids’ electronic learning tablet
